Date,Close,High,Low,Open,Volume
2020-01-02,1524.5,1528.699951171875,1518.0,1518.0999755859375,214
2020-01-03,1549.199951171875,1552.699951171875,1530.0999755859375,1530.0999755859375,107
2020-01-06,1566.199951171875,1580.0,1560.4000244140625,1580.0,416
2020-01-07,1571.800048828125,1576.300048828125,1558.300048828125,1558.300048828125,47
2020-01-08,1557.4000244140625,1604.199951171875,1552.300048828125,1579.699951171875,236
2020-01-09,1551.699951171875,1555.699951171875,1543.300048828125,1555.699951171875,54
2020-01-10,1557.5,1558.800048828125,1545.4000244140625,1551.199951171875,16
2020-01-13,1548.4000244140625,1558.0,1548.4000244140625,1557.4000244140625,48
2020-01-14,1542.4000244140625,1546.699951171875,1534.9000244140625,1546.699951171875,32
2020-01-15,1552.0999755859375,1553.9000244140625,1545.5999755859375,1548.0,11
2020-01-16,1549.0,1556.0999755859375,1548.5,1555.699951171875,98
2020-01-17,1558.800048828125,1558.800048828125,1553.5999755859375,1554.0999755859375,108
2020-01-21,1556.4000244140625,1566.199951171875,1551.0,1559.300048828125,45
2020-01-22,1555.300048828125,1557.0999755859375,1549.800048828125,1549.800048828125,42
2020-01-23,1564.5999755859375,1564.5999755859375,1552.199951171875,1553.0999755859375,15
2020-01-24,1571.0999755859375,1571.0999755859375,1556.300048828125,1556.300048828125,43
2020-01-27,1576.800048828125,1584.5,1576.800048828125,1584.300048828125,22
2020-01-28,1569.199951171875,1576.4000244140625,1569.199951171875,1576.4000244140625,3
2020-01-29,1569.800048828125,1569.800048828125,1569.800048828125,1569.800048828125,251274
2020-01-30,1583.5,1585.0,1571.4000244140625,1576.800048828125,62336
2020-01-31,1582.9000244140625,1589.0,1570.0,1573.4000244140625,1095
2020-02-03,1577.199951171875,1593.300048828125,1568.199951171875,1592.9000244140625,1062
2020-02-04,1550.4000244140625,1577.699951171875,1547.800048828125,1577.699951171875,978
2020-02-05,1557.800048828125,1560.699951171875,1547.699951171875,1553.199951171875,1305
2020-02-06,1565.0999755859375,1565.5999755859375,1551.5999755859375,1553.5999755859375,110
2020-02-07,1568.5999755859375,1571.9000244140625,1560.5,1564.9000244140625,431
2020-02-10,1574.699951171875,1574.699951171875,1568.5999755859375,1569.300048828125,128
2020-02-11,1565.5999755859375,1571.0999755859375,1561.9000244140625,1570.9000244140625,440
2020-02-12,1567.4000244140625,1568.699951171875,1561.0,1565.199951171875,36
2020-02-13,1575.0999755859375,1575.0999755859375,1570.199951171875,1570.199951171875,74
2020-02-14,1582.699951171875,1582.699951171875,1574.800048828125,1575.800048828125,68
2020-02-18,1600.0,1604.300048828125,1579.800048828125,1579.800048828125,310
2020-02-19,1607.5,1610.5,1599.699951171875,1600.5999755859375,542
2020-02-20,1616.5999755859375,1621.0,1603.0,1606.5,117
2020-02-21,1644.5999755859375,1645.0,1619.300048828125,1619.300048828125,186
2020-02-24,1672.4000244140625,1686.5999755859375,1650.0,1657.0,435
2020-02-25,1646.9000244140625,1653.699951171875,1632.300048828125,1645.0999755859375,409
2020-02-26,1640.0,1648.0999755859375,1636.4000244140625,1644.0,1990
2020-02-27,1640.0,1658.0,1638.5,1641.0999755859375,707
2020-02-28,1564.0999755859375,1642.5,1564.0999755859375,1640.300048828125,289
2020-03-02,1592.300048828125,1608.300048828125,1574.300048828125,1583.9000244140625,537
2020-03-03,1642.0999755859375,1645.300048828125,1594.0,1594.5,610
2020-03-04,1641.0999755859375,1645.9000244140625,1631.300048828125,1645.4000244140625,83
2020-03-05,1666.4000244140625,1672.9000244140625,1637.199951171875,1637.300048828125,154
2020-03-06,1670.800048828125,1686.199951171875,1647.199951171875,1670.800048828125,175
2020-03-09,1674.5,1701.5999755859375,1657.699951171875,1696.0999755859375,161
2020-03-10,1659.0999755859375,1674.5999755859375,1643.0,1671.5999755859375,48
2020-03-11,1641.4000244140625,1666.5,1635.0,1656.5999755859375,47
2020-03-12,1589.300048828125,1647.5,1566.4000244140625,1637.0,256
2020-03-13,1515.699951171875,1589.800048828125,1513.800048828125,1574.9000244140625,89
2020-03-16,1485.9000244140625,1569.0999755859375,1452.0999755859375,1569.0999755859375,193
2020-03-17,1524.9000244140625,1537.699951171875,1469.300048828125,1469.300048828125,122
2020-03-18,1477.300048828125,1542.0,1477.300048828125,1537.5,333
2020-03-19,1478.5999755859375,1491.5999755859375,1471.0,1481.5,262
2020-03-20,1484.0,1484.0,1483.5,1483.5,14
2020-03-23,1567.0,1567.0,1490.199951171875,1505.300048828125,51
2020-03-24,1660.199951171875,1685.5,1592.699951171875,1592.699951171875,442
2020-03-25,1632.300048828125,1676.5,1631.0999755859375,1676.5,476
2020-03-26,1650.0999755859375,1660.5,1650.0999755859375,1660.5,3
2020-03-27,1623.9000244140625,1623.9000244140625,1623.9000244140625,1623.9000244140625,100638
2020-03-30,1622.0,1652.800048828125,1607.199951171875,1641.199951171875,16389
2020-03-31,1583.4000244140625,1621.0,1576.0,1618.699951171875,2874
2020-04-01,1578.199951171875,1600.0,1570.0,1570.0,2158
2020-04-02,1625.699951171875,1631.199951171875,1586.0,1590.9000244140625,1294
2020-04-03,1633.699951171875,1636.0,1619.800048828125,1624.5,643
2020-04-06,1677.0,1696.699951171875,1625.9000244140625,1629.0999755859375,1063
2020-04-07,1664.800048828125,1724.4000244140625,1658.0,1695.699951171875,1144
2020-04-08,1665.4000244140625,1677.0,1662.5,1669.699951171875,747
2020-04-09,1736.199951171875,1736.199951171875,1662.699951171875,1662.699951171875,825
2020-04-13,1744.800048828125,1756.800048828125,1710.699951171875,1722.0,696
2020-04-14,1756.699951171875,1775.0,1739.5,1756.800048828125,675
2020-04-15,1727.199951171875,1744.9000244140625,1722.699951171875,1739.4000244140625,642
2020-04-16,1720.4000244140625,1750.5999755859375,1715.0,1731.0,162
2020-04-17,1689.199951171875,1725.0,1684.9000244140625,1715.699951171875,223
2020-04-20,1701.5999755859375,1701.5999755859375,1680.0,1686.0,106
2020-04-21,1678.199951171875,1707.0999755859375,1659.9000244140625,1697.0,666
2020-04-22,1728.699951171875,1728.699951171875,1684.800048828125,1696.0,453
2020-04-23,1733.300048828125,1745.0999755859375,1733.300048828125,1734.0,482
2020-04-24,1723.5,1744.0,1714.5,1744.0,221
2020-04-27,1711.9000244140625,1731.9000244140625,1711.9000244140625,1731.9000244140625,169
2020-04-28,1710.5,1716.5999755859375,1707.0999755859375,1716.5999755859375,1255
2020-04-29,1703.4000244140625,1713.5,1702.0,1710.0,373
2020-04-30,1684.199951171875,1719.300048828125,1680.800048828125,1719.300048828125,327
2020-05-01,1694.5,1701.5,1670.5,1686.5999755859375,337
2020-05-04,1706.9000244140625,1709.0,1699.5999755859375,1702.5999755859375,320
2020-05-05,1704.4000244140625,1704.4000244140625,1697.199951171875,1701.5,82
2020-05-06,1684.199951171875,1704.0,1684.199951171875,1704.0,469
2020-05-07,1721.800048828125,1721.800048828125,1685.5999755859375,1686.199951171875,853
2020-05-08,1709.9000244140625,1728.9000244140625,1703.800048828125,1726.199951171875,330
2020-05-11,1695.300048828125,1704.5,1690.199951171875,1702.300048828125,749
2020-05-12,1704.4000244140625,1713.0999755859375,1699.300048828125,1699.300048828125,324
2020-05-13,1713.9000244140625,1721.300048828125,1701.9000244140625,1702.0,431
2020-05-14,1738.0999755859375,1743.0999755859375,1720.5,1724.300048828125,672
2020-05-15,1753.4000244140625,1753.4000244140625,1739.699951171875,1739.699951171875,719
2020-05-18,1731.800048828125,1770.5,1731.800048828125,1755.699951171875,229
2020-05-19,1744.199951171875,1749.5,1744.199951171875,1744.199951171875,167
2020-05-20,1750.5999755859375,1752.0999755859375,1745.5999755859375,1751.5999755859375,16
2020-05-21,1720.5,1746.800048828125,1720.5,1746.800048828125,528
2020-05-22,1734.5999755859375,1734.5999755859375,1726.5999755859375,1726.5999755859375,6
2020-05-26,1704.800048828125,1726.4000244140625,1704.800048828125,1726.4000244140625,39
2020-05-27,1710.300048828125,1710.300048828125,1685.5999755859375,1685.5999755859375,137416
2020-05-28,1713.300048828125,1727.800048828125,1705.0,1709.300048828125,23355
2020-05-29,1751.699951171875,1754.5,1725.300048828125,1732.699951171875,150112
2020-06-01,1750.300048828125,1761.0,1737.5999755859375,1749.800048828125,146131
2020-06-02,1734.0,1757.0,1728.0,1750.300048828125,175351
2020-06-03,1704.800048828125,1738.9000244140625,1690.300048828125,1733.699951171875,256523
2020-06-04,1727.4000244140625,1729.0,1698.9000244140625,1702.800048828125,198723
2020-06-05,1683.0,1723.199951171875,1671.699951171875,1720.800048828125,273683
2020-06-08,1705.0999755859375,1707.5999755859375,1680.699951171875,1686.699951171875,154767
2020-06-09,1721.9000244140625,1729.4000244140625,1697.5999755859375,1703.9000244140625,182910
2020-06-10,1720.699951171875,1749.4000244140625,1714.0999755859375,1718.9000244140625,198763
2020-06-11,1739.800048828125,1754.9000244140625,1727.5,1746.5999755859375,205348
2020-06-12,1737.300048828125,1753.0,1728.199951171875,1733.5999755859375,151397
2020-06-15,1727.199951171875,1743.800048828125,1706.199951171875,1740.699951171875,200225
2020-06-16,1736.5,1741.300048828125,1721.800048828125,1732.300048828125,182423
2020-06-17,1735.5999755859375,1739.300048828125,1717.300048828125,1735.300048828125,140069
2020-06-18,1731.0999755859375,1749.199951171875,1722.699951171875,1735.5,155912
2020-06-19,1753.0,1760.9000244140625,1728.300048828125,1729.800048828125,181151
2020-06-22,1766.4000244140625,1779.0,1753.5,1765.800048828125,228682
2020-06-23,1782.0,1786.800048828125,1758.300048828125,1764.9000244140625,194678
2020-06-24,1775.0999755859375,1796.0999755859375,1770.5999755859375,1784.4000244140625,239533
2020-06-25,1770.5999755859375,1779.5999755859375,1764.0999755859375,1772.300048828125,152200
2020-06-26,1780.300048828125,1786.199951171875,1754.0,1774.800048828125,201233
2020-06-29,1781.199951171875,1790.4000244140625,1776.5,1789.199951171875,130505
2020-06-30,1800.5,1804.0,1774.800048828125,1784.199951171875,199417
2020-07-01,1779.9000244140625,1807.699951171875,1767.9000244140625,1798.9000244140625,263254
2020-07-02,1790.0,1791.699951171875,1766.300048828125,1779.0,186306
2020-07-06,1793.5,1799.0,1779.199951171875,1787.9000244140625,184653
2020-07-07,1809.9000244140625,1810.800048828125,1781.199951171875,1793.9000244140625,221733
2020-07-08,1820.5999755859375,1829.800048828125,1803.800048828125,1807.9000244140625,247500
2020-07-09,1803.800048828125,1825.5,1799.5999755859375,1818.800048828125,283371
2020-07-10,1801.9000244140625,1817.0,1796.5,1808.4000244140625,223832
2020-07-13,1814.0999755859375,1818.800048828125,1802.0999755859375,1803.4000244140625,230398
2020-07-14,1813.4000244140625,1815.0,1791.0999755859375,1805.199951171875,253207
2020-07-15,1813.800048828125,1819.5,1804.0,1811.0999755859375,183055
2020-07-16,1800.300048828125,1816.199951171875,1794.0999755859375,1813.0999755859375,196566
2020-07-17,1810.0,1813.9000244140625,1795.199951171875,1796.9000244140625,167012
2020-07-20,1817.4000244140625,1823.4000244140625,1806.5999755859375,1812.300048828125,177739
2020-07-21,1843.9000244140625,1844.9000244140625,1817.199951171875,1819.5999755859375,271085
2020-07-22,1865.0999755859375,1871.800048828125,1842.0999755859375,1842.800048828125,382234
2020-07-23,1890.0,1897.699951171875,1863.0999755859375,1871.5999755859375,418749
2020-07-24,1897.5,1904.5999755859375,1880.5,1884.9000244140625,300174
2020-07-27,1931.0,1941.9000244140625,1899.0,1901.199951171875,428229
2020-07-28,1944.5999755859375,1974.699951171875,1900.199951171875,1937.0999755859375,434445
2020-07-29,1953.4000244140625,1974.9000244140625,1935.199951171875,1950.5999755859375,209835
2020-07-30,1942.300048828125,1965.0999755859375,1930.0,1963.4000244140625,28853
2020-07-31,1962.800048828125,1981.0999755859375,1948.0,1948.5999755859375,2914
2020-08-03,1966.0,1984.300048828125,1955.5,1984.300048828125,178754
2020-08-04,2021.0,2037.699951171875,1982.5999755859375,1993.5,274420
2020-08-05,2049.300048828125,2070.300048828125,2027.5,2037.0,366379
2020-08-06,2069.39990234375,2081.800048828125,2049.0,2055.0,312758
2020-08-07,2028.0,2089.199951171875,2024.800048828125,2076.39990234375,398127
2020-08-10,2039.699951171875,2060.800048828125,2027.800048828125,2044.800048828125,251306
2020-08-11,1946.300048828125,2040.5,1911.300048828125,2038.4000244140625,565001
2020-08-12,1949.0,1961.0,1874.199951171875,1921.5999755859375,459842
2020-08-13,1970.4000244140625,1974.800048828125,1923.0,1927.300048828125,349891
2020-08-14,1949.800048828125,1970.0,1939.0999755859375,1963.800048828125,241798
2020-08-17,1998.699951171875,2000.800048828125,1939.0999755859375,1956.4000244140625,289437
2020-08-18,2013.0999755859375,2024.5999755859375,1985.199951171875,1993.5999755859375,361475
2020-08-19,1970.300048828125,2015.5999755859375,1930.5,2010.5,443256
2020-08-20,1946.5,1963.0999755859375,1928.9000244140625,1934.4000244140625,383338
2020-08-21,1947.0,1963.0999755859375,1916.5999755859375,1955.5999755859375,355065
2020-08-24,1939.199951171875,1970.300048828125,1930.800048828125,1947.9000244140625,286258
2020-08-25,1923.0999755859375,1944.0999755859375,1919.0999755859375,1935.9000244140625,274113
2020-08-26,1952.5,1963.4000244140625,1908.4000244140625,1939.0,342207
2020-08-27,1932.5999755859375,1987.0,1914.699951171875,1963.0,467170
2020-08-28,1974.9000244140625,1983.0,1928.199951171875,1937.5,334102
2020-08-31,1978.5999755859375,1985.800048828125,1962.300048828125,1973.9000244140625,245105
2020-09-01,1978.9000244140625,2001.199951171875,1969.199951171875,1973.699951171875,304894
2020-09-02,1944.699951171875,1980.4000244140625,1938.9000244140625,1976.800048828125,332591
2020-09-03,1937.800048828125,1956.5999755859375,1927.199951171875,1948.9000244140625,303029
2020-09-04,1934.300048828125,1956.5999755859375,1921.5999755859375,1938.0,304742
2020-09-08,1943.199951171875,1948.300048828125,1911.699951171875,1938.0,416013
2020-09-09,1954.9000244140625,1959.699951171875,1926.300048828125,1939.4000244140625,227182
2020-09-10,1964.300048828125,1975.199951171875,1948.5999755859375,1955.300048828125,271478
2020-09-11,1947.9000244140625,1963.4000244140625,1944.0,1953.800048828125,205234
2020-09-14,1963.699951171875,1972.5,1945.199951171875,1948.9000244140625,200091
2020-09-15,1966.199951171875,1982.4000244140625,1955.5999755859375,1966.199951171875,239538
2020-09-16,1970.5,1983.800048828125,1957.199951171875,1961.4000244140625,298385
2020-09-17,1949.9000244140625,1969.300048828125,1938.199951171875,1967.5999755859375,273140
2020-09-18,1962.0999755859375,1968.199951171875,1951.0999755859375,1951.0999755859375,176074
2020-09-21,1910.5999755859375,1962.9000244140625,1885.4000244140625,1957.300048828125,386667
2020-09-22,1907.5999755859375,1925.5,1898.9000244140625,1918.0999755859375,282714
2020-09-23,1868.4000244140625,1909.9000244140625,1856.0,1905.0999755859375,411558
2020-09-24,1876.9000244140625,1880.9000244140625,1851.0,1866.9000244140625,345036
2020-09-25,1866.300048828125,1879.300048828125,1854.0999755859375,1872.699951171875,230857
2020-09-28,1882.300048828125,1888.199951171875,1851.0999755859375,1862.699951171875,235915
2020-09-29,1903.199951171875,1904.800048828125,1880.800048828125,1886.4000244140625,217795
2020-09-30,1895.5,1908.199951171875,1885.800048828125,1903.199951171875,259868
2020-10-01,1916.300048828125,1917.9000244140625,1890.0,1891.199951171875,262086
2020-10-02,1907.5999755859375,1923.5999755859375,1895.199951171875,1911.0,212728
2020-10-05,1920.0999755859375,1924.9000244140625,1891.199951171875,1910.9000244140625,177587
2020-10-06,1908.800048828125,1927.0,1878.199951171875,1917.800048828125,219440
2020-10-07,1890.800048828125,1902.4000244140625,1877.0999755859375,1882.5999755859375,188588
2020-10-08,1895.0999755859375,1905.300048828125,1885.300048828125,1890.5999755859375,185453
2020-10-09,1926.199951171875,1936.800048828125,1898.0,1898.4000244140625,229847
2020-10-12,1928.9000244140625,1939.4000244140625,1923.800048828125,1935.0,157212
2020-10-13,1894.5999755859375,1930.5999755859375,1889.300048828125,1927.300048828125,267538
2020-10-14,1907.300048828125,1917.5,1885.0,1895.4000244140625,188302
2020-10-15,1908.9000244140625,1913.199951171875,1892.699951171875,1906.0,213574
2020-10-16,1906.4000244140625,1918.699951171875,1901.0999755859375,1912.699951171875,146910
2020-10-19,1911.699951171875,1923.4000244140625,1900.199951171875,1903.199951171875,159852
2020-10-20,1915.4000244140625,1917.5999755859375,1896.5999755859375,1906.4000244140625,163912
2020-10-21,1929.5,1936.0,1911.5999755859375,1911.5999755859375,201272
2020-10-22,1904.5999755859375,1929.4000244140625,1894.199951171875,1927.4000244140625,215581
2020-10-23,1905.199951171875,1917.300048828125,1895.199951171875,1906.5,172958
2020-10-26,1905.699951171875,1911.0999755859375,1892.5,1906.0,166313
2020-10-27,1911.9000244140625,1913.800048828125,1898.699951171875,1904.4000244140625,153297
2020-10-28,1879.199951171875,1912.5999755859375,1869.0999755859375,1909.800048828125,297085
2020-10-29,1868.0,1885.0999755859375,1859.199951171875,1877.5,225159
2020-10-30,1879.9000244140625,1890.9000244140625,1863.300048828125,1867.9000244140625,213173
2020-11-02,1892.5,1897.0999755859375,1873.300048828125,1877.0,164943
2020-11-03,1910.4000244140625,1912.199951171875,1887.5999755859375,1896.4000244140625,171368
2020-11-04,1896.199951171875,1917.9000244140625,1881.800048828125,1910.300048828125,293946
2020-11-05,1946.800048828125,1954.300048828125,1902.199951171875,1903.4000244140625,297512
2020-11-06,1951.699951171875,1961.800048828125,1937.199951171875,1950.0,246779
2020-11-09,1854.4000244140625,1966.0999755859375,1848.0,1956.0,496088
2020-11-10,1876.4000244140625,1888.9000244140625,1858.9000244140625,1864.0999755859375,264872
2020-11-11,1861.5999755859375,1882.5,1853.9000244140625,1876.0999755859375,215170
2020-11-12,1873.300048828125,1883.0,1860.699951171875,1863.9000244140625,209934
2020-11-13,1886.199951171875,1895.800048828125,1872.0999755859375,1875.5999755859375,162538
2020-11-16,1887.800048828125,1898.0,1861.5,1886.5999755859375,222937
2020-11-17,1885.0999755859375,1892.699951171875,1876.300048828125,1888.199951171875,160884
2020-11-18,1873.9000244140625,1884.199951171875,1860.300048828125,1879.5,209000
2020-11-19,1861.5,1872.5999755859375,1850.0,1872.0,222347
2020-11-20,1872.4000244140625,1879.199951171875,1859.0999755859375,1864.800048828125,186166
2020-11-23,1837.800048828125,1875.0,1828.0,1869.800048828125,319657
2020-11-24,1804.5999755859375,1836.9000244140625,1797.0999755859375,1835.699951171875,367879
2020-11-25,1805.5,1816.300048828125,1798.5999755859375,1805.199951171875,205754
2020-11-27,1781.9000244140625,1817.0,1770.699951171875,1806.0999755859375,71804
2020-11-30,1775.699951171875,1787.199951171875,1762.300048828125,1785.0,3145
2020-12-01,1814.0999755859375,1815.9000244140625,1774.9000244140625,1775.0,203653
2020-12-02,1830.199951171875,1835.699951171875,1810.5,1819.0999755859375,185323
2020-12-03,1841.0999755859375,1847.4000244140625,1826.699951171875,1833.9000244140625,180357
2020-12-04,1840.0,1852.699951171875,1832.0,1844.699951171875,171259
2020-12-07,1866.0,1873.0,1824.800048828125,1841.0999755859375,209042
2020-12-08,1874.9000244140625,1879.800048828125,1863.9000244140625,1866.0999755859375,151792
2020-12-09,1838.5,1875.9000244140625,1828.199951171875,1875.4000244140625,219587
2020-12-10,1837.4000244140625,1854.199951171875,1831.5,1843.0,164803
2020-12-11,1843.5999755859375,1851.800048828125,1826.800048828125,1840.0,153800
2020-12-14,1832.0999755859375,1845.5999755859375,1820.0,1845.0,168491
2020-12-15,1855.300048828125,1859.300048828125,1828.5,1830.5,173607
2020-12-16,1859.0999755859375,1870.0,1848.199951171875,1857.699951171875,199679
2020-12-17,1890.4000244140625,1902.0,1865.9000244140625,1868.4000244140625,219866
2020-12-18,1888.9000244140625,1895.699951171875,1881.9000244140625,1891.300048828125,153231
2020-12-21,1882.800048828125,1912.0,1859.0,1892.9000244140625,232045
2020-12-22,1870.300048828125,1889.4000244140625,1863.699951171875,1883.0,176016
2020-12-23,1878.0999755859375,1883.699951171875,1860.9000244140625,1865.5999755859375,162537
2020-12-24,1883.199951171875,1887.4000244140625,1873.0999755859375,1877.300048828125,89405
2020-12-28,1880.4000244140625,1904.0999755859375,1873.0,1887.0,196760
2020-12-29,1882.9000244140625,1891.300048828125,1875.5999755859375,1878.0,149267
2020-12-30,1893.4000244140625,1899.0,1879.5,1881.800048828125,133658
2020-12-31,1895.0999755859375,1904.9000244140625,1889.0999755859375,1899.0,130631
2021-01-04,1946.5999755859375,1948.699951171875,1906.0999755859375,1908.199951171875,273370
2021-01-05,1954.4000244140625,1957.0,1938.4000244140625,1946.0,201945
2021-01-06,1908.5999755859375,1962.5,1902.5999755859375,1952.800048828125,366605
2021-01-07,1913.5999755859375,1929.5999755859375,1907.5,1921.5,199982
2021-01-08,1835.4000244140625,1918.4000244140625,1827.800048828125,1915.199951171875,443506
2021-01-11,1850.800048828125,1856.0,1817.0999755859375,1849.4000244140625,268363
2021-01-12,1844.199951171875,1864.0,1835.800048828125,1845.4000244140625,240656
2021-01-13,1854.9000244140625,1863.0,1841.5999755859375,1855.0,225988
2021-01-14,1851.4000244140625,1857.5999755859375,1826.5999755859375,1845.5999755859375,257661
2021-01-15,1829.9000244140625,1856.5999755859375,1822.0999755859375,1847.300048828125,231105
2021-01-19,1840.199951171875,1845.0,1800.800048828125,1828.800048828125,331589
2021-01-20,1866.5,1872.0,1831.0999755859375,1839.9000244140625,274396
2021-01-21,1865.9000244140625,1874.5999755859375,1857.5,1871.0,196937
2021-01-22,1856.199951171875,1870.800048828125,1836.300048828125,1870.0999755859375,249715
2021-01-25,1855.199951171875,1867.4000244140625,1846.199951171875,1855.300048828125,211978
2021-01-26,1850.9000244140625,1860.800048828125,1847.199951171875,1854.9000244140625,170259
2021-01-27,1844.9000244140625,1851.5,1828.4000244140625,1849.699951171875,195540
2021-01-28,1837.9000244140625,1862.9000244140625,1831.5,1843.4000244140625,27283
2021-01-29,1847.300048828125,1876.0,1838.699951171875,1842.0,276173
2021-02-01,1863.9000244140625,1876.0,1851.699951171875,1865.0,242045
2021-02-02,1833.4000244140625,1866.300048828125,1830.4000244140625,1863.5999755859375,235995
2021-02-03,1835.0999755859375,1845.9000244140625,1830.0999755859375,1838.5,137228
2021-02-04,1791.199951171875,1835.699951171875,1784.5999755859375,1834.5,279616
2021-02-05,1813.0,1816.0,1792.199951171875,1794.300048828125,205758
2021-02-08,1834.199951171875,1840.5999755859375,1807.300048828125,1818.0999755859375,177562
2021-02-09,1837.5,1849.5,1830.300048828125,1832.4000244140625,154392
2021-02-10,1842.699951171875,1856.5999755859375,1834.0,1838.300048828125,176443
2021-02-11,1826.800048828125,1848.5999755859375,1821.699951171875,1844.300048828125,147019
2021-02-12,1823.199951171875,1831.5,1810.0999755859375,1825.4000244140625,171902
2021-02-16,1799.0,1827.0999755859375,1788.0999755859375,1826.0,355922
2021-02-17,1772.800048828125,1794.199951171875,1767.9000244140625,1793.0999755859375,257335
2021-02-18,1775.0,1788.800048828125,1766.5999755859375,1776.0,224767
2021-02-19,1777.4000244140625,1790.9000244140625,1759.0,1774.5999755859375,251783
2021-02-22,1808.4000244140625,1812.4000244140625,1778.5999755859375,1782.0,221198
2021-02-23,1805.9000244140625,1815.199951171875,1794.5,1809.300048828125,191147
2021-02-24,1797.9000244140625,1813.0,1782.199951171875,1805.0,224060
2021-02-25,1775.4000244140625,1805.0,1763.9000244140625,1804.9000244140625,316252
2021-02-26,1728.800048828125,1773.800048828125,1714.9000244140625,1770.9000244140625,362549
2021-03-01,1723.0,1757.4000244140625,1717.199951171875,1732.800048828125,241917
2021-03-02,1733.5999755859375,1737.800048828125,1704.5999755859375,1722.800048828125,235964
2021-03-03,1715.800048828125,1739.0999755859375,1699.4000244140625,1736.5,255653
2021-03-04,1700.699951171875,1721.5999755859375,1687.5999755859375,1708.4000244140625,277449
2021-03-05,1698.5,1705.699951171875,1683.0,1695.300048828125,269333
2021-03-08,1678.0,1712.0,1673.300048828125,1701.5999755859375,273905
2021-03-09,1716.9000244140625,1718.699951171875,1676.699951171875,1679.300048828125,248946
2021-03-10,1721.800048828125,1725.300048828125,1705.5999755859375,1714.5,226890
2021-03-11,1722.5999755859375,1738.0,1716.800048828125,1725.0,215341
2021-03-12,1719.800048828125,1728.0,1696.5999755859375,1720.5,232207
2021-03-15,1729.199951171875,1733.199951171875,1719.199951171875,1726.5,163045
2021-03-16,1730.9000244140625,1740.5,1724.4000244140625,1730.699951171875,173891
2021-03-17,1727.0999755859375,1750.5999755859375,1722.0,1730.0,220553
2021-03-18,1732.5,1754.199951171875,1716.5999755859375,1744.0,251758
2021-03-19,1741.699951171875,1746.0999755859375,1727.0999755859375,1733.699951171875,213282
2021-03-22,1738.0999755859375,1747.0,1726.4000244140625,1745.5999755859375,196311
2021-03-23,1725.0999755859375,1742.0,1722.699951171875,1738.5,226204
2021-03-24,1733.199951171875,1737.699951171875,1722.300048828125,1725.9000244140625,186524
2021-03-25,1725.0999755859375,1744.800048828125,1720.300048828125,1733.199951171875,226207
2021-03-26,1732.300048828125,1735.5,1718.800048828125,1725.5,172944
2021-03-29,1712.199951171875,1732.5999755859375,1703.300048828125,1731.5,135457
2021-03-30,1683.9000244140625,1712.5999755859375,1676.5,1711.0,25316
2021-03-31,1713.800048828125,1713.800048828125,1676.5,1683.699951171875,210770
2021-04-01,1728.4000244140625,1732.0,1706.4000244140625,1709.0,170430
2021-04-05,1728.800048828125,1734.4000244140625,1721.5999755859375,1730.0,101746
2021-04-06,1743.0,1746.699951171875,1728.199951171875,1729.199951171875,152598
2021-04-07,1741.5999755859375,1745.4000244140625,1731.199951171875,1744.4000244140625,122802
2021-04-08,1758.199951171875,1759.4000244140625,1733.5999755859375,1738.5999755859375,144574
2021-04-09,1744.800048828125,1758.199951171875,1730.800048828125,1756.5,171395
2021-04-12,1732.699951171875,1746.199951171875,1727.0,1744.5,125360
2021-04-13,1747.5999755859375,1749.5,1723.199951171875,1732.199951171875,175594
2021-04-14,1736.300048828125,1750.699951171875,1732.300048828125,1746.4000244140625,145260
2021-04-15,1766.800048828125,1770.5999755859375,1734.4000244140625,1736.5999755859375,198143
2021-04-16,1780.199951171875,1784.699951171875,1760.300048828125,1764.800048828125,173498
2021-04-19,1770.5999755859375,1790.4000244140625,1766.5999755859375,1778.800048828125,180726
2021-04-20,1778.4000244140625,1780.800048828125,1763.5,1770.5,169041
2021-04-21,1793.0999755859375,1798.4000244140625,1776.5999755859375,1779.0999755859375,173968
2021-04-22,1782.0,1798.0999755859375,1777.0999755859375,1794.5,163753
2021-04-23,1777.800048828125,1796.300048828125,1769.5,1784.0,175847
2021-04-26,1780.0999755859375,1783.0999755859375,1768.199951171875,1776.0999755859375,143358
2021-04-27,1778.800048828125,1785.9000244140625,1773.9000244140625,1781.0999755859375,147945
2021-04-28,1773.9000244140625,1782.699951171875,1761.800048828125,1776.4000244140625,198578
2021-04-29,1768.300048828125,1789.9000244140625,1754.5999755859375,1781.9000244140625,231520
2021-04-30,1767.699951171875,1773.300048828125,1763.300048828125,1772.4000244140625,167292
2021-05-03,1791.800048828125,1798.9000244140625,1765.5999755859375,1768.0999755859375,204543
2021-05-04,1776.0,1799.5,1769.199951171875,1793.199951171875,246585
2021-05-05,1784.300048828125,1788.0999755859375,1769.300048828125,1778.4000244140625,178811
2021-05-06,1815.699951171875,1818.5999755859375,1781.800048828125,1787.0,287629
2021-05-07,1831.300048828125,1844.5999755859375,1813.4000244140625,1815.4000244140625,367695
2021-05-10,1837.5999755859375,1846.300048828125,1830.5,1835.4000244140625,269707
2021-05-11,1836.0999755859375,1842.5,1817.800048828125,1836.199951171875,311104
2021-05-12,1822.800048828125,1844.699951171875,1813.0,1838.199951171875,339207
2021-05-13,1824.0,1829.0999755859375,1808.4000244140625,1816.199951171875,249928
2021-05-14,1838.0999755859375,1847.0999755859375,1819.0,1826.4000244140625,224380
2021-05-17,1867.5999755859375,1869.300048828125,1841.0999755859375,1845.9000244140625,267705
2021-05-18,1868.0,1875.9000244140625,1863.5,1867.300048828125,229016
2021-05-19,1881.5,1891.300048828125,1852.199951171875,1870.199951171875,398212
2021-05-20,1881.9000244140625,1885.300048828125,1864.199951171875,1869.9000244140625,223568
2021-05-21,1876.699951171875,1890.300048828125,1870.300048828125,1878.0999755859375,234291
2021-05-24,1884.5,1887.9000244140625,1875.699951171875,1883.5,183312
2021-05-25,1898.0,1901.199951171875,1873.199951171875,1881.199951171875,316673
2021-05-26,1901.199951171875,1913.300048828125,1890.699951171875,1900.0,170526
2021-05-27,1895.699951171875,1903.9000244140625,1888.199951171875,1896.800048828125,35794
2021-05-28,1902.5,1905.4000244140625,1881.9000244140625,1897.5,198141
2021-06-01,1905.0,1919.199951171875,1894.5,1906.800048828125,290653
2021-06-02,1909.9000244140625,1911.800048828125,1896.4000244140625,1903.0,166036
2021-06-03,1873.300048828125,1912.300048828125,1866.699951171875,1910.5,278578
2021-06-04,1892.0,1899.0,1855.5999755859375,1872.699951171875,228826
2021-06-07,1898.800048828125,1902.9000244140625,1883.699951171875,1894.300048828125,146018
2021-06-08,1894.4000244140625,1906.9000244140625,1885.699951171875,1901.5999755859375,173604
2021-06-09,1895.5,1901.699951171875,1889.300048828125,1894.4000244140625,147332
2021-06-10,1896.4000244140625,1903.0,1871.800048828125,1891.4000244140625,250551
2021-06-11,1879.5999755859375,1906.199951171875,1876.0999755859375,1901.9000244140625,220455
2021-06-14,1865.9000244140625,1879.699951171875,1845.699951171875,1879.5999755859375,242302
2021-06-15,1856.4000244140625,1870.9000244140625,1853.0,1867.800048828125,155343
2021-06-16,1861.4000244140625,1866.0,1804.4000244140625,1861.0,234104
2021-06-17,1774.800048828125,1826.4000244140625,1767.9000244140625,1812.300048828125,385888
2021-06-18,1769.0,1797.9000244140625,1761.199951171875,1773.9000244140625,264605
2021-06-21,1782.9000244140625,1786.9000244140625,1764.0999755859375,1764.300048828125,195523
2021-06-22,1777.4000244140625,1790.0999755859375,1771.199951171875,1783.199951171875,172745
2021-06-23,1783.4000244140625,1795.5999755859375,1773.0999755859375,1779.0999755859375,179273
2021-06-24,1776.699951171875,1788.5999755859375,1772.699951171875,1778.199951171875,152232
2021-06-25,1777.800048828125,1791.0,1773.5999755859375,1775.699951171875,161203
2021-06-28,1780.699951171875,1786.0999755859375,1770.4000244140625,1782.0,160788
2021-06-29,1763.5999755859375,1779.199951171875,1750.0999755859375,1778.800048828125,239910
2021-06-30,1771.5999755859375,1774.699951171875,1753.199951171875,1761.9000244140625,177887
2021-07-01,1776.800048828125,1783.4000244140625,1765.9000244140625,1770.800048828125,171443
2021-07-02,1783.300048828125,1795.9000244140625,1774.4000244140625,1777.5,205858
2021-07-06,1794.199951171875,1815.699951171875,1784.699951171875,1787.5,276597
2021-07-07,1802.0999755859375,1810.199951171875,1794.0999755859375,1797.0,171075
2021-07-08,1800.199951171875,1819.5,1793.5,1803.800048828125,249340
2021-07-09,1810.5999755859375,1813.0,1796.5999755859375,1803.199951171875,185581
2021-07-12,1805.9000244140625,1811.0,1791.0,1808.5,201416
2021-07-13,1809.9000244140625,1818.0,1798.699951171875,1806.699951171875,242177
2021-07-14,1825.0,1831.0999755859375,1804.9000244140625,1808.300048828125,229879
2021-07-15,1829.0,1835.0,1820.5999755859375,1828.699951171875,175611
2021-07-16,1815.0,1832.699951171875,1809.5,1830.699951171875,184655
2021-07-19,1809.199951171875,1818.0,1795.0,1811.5999755859375,249675
2021-07-20,1811.4000244140625,1825.9000244140625,1805.199951171875,1813.5,221136
2021-07-21,1803.4000244140625,1814.4000244140625,1794.300048828125,1810.5999755859375,218636
2021-07-22,1805.4000244140625,1808.4000244140625,1791.9000244140625,1803.9000244140625,193318
2021-07-23,1801.800048828125,1810.699951171875,1789.0999755859375,1807.699951171875,236764
2021-07-26,1799.199951171875,1812.0,1796.0,1802.300048828125,204547
2021-07-27,1799.800048828125,1805.4000244140625,1792.800048828125,1797.0999755859375,177043
2021-07-28,1799.699951171875,1809.0,1790.699951171875,1798.5999755859375,209783
2021-07-29,1831.199951171875,1832.5999755859375,1806.0999755859375,1806.5999755859375,30496
2021-07-30,1812.5999755859375,1830.5,1808.9000244140625,1828.0,157136
2021-08-02,1822.199951171875,1823.199951171875,1808.199951171875,1817.0,159755
2021-08-03,1814.0999755859375,1818.199951171875,1809.5,1816.800048828125,103450
2021-08-04,1814.5,1835.9000244140625,1808.300048828125,1813.699951171875,244683
2021-08-05,1808.9000244140625,1817.9000244140625,1799.699951171875,1814.9000244140625,169840
2021-08-06,1763.0999755859375,1807.0,1759.5,1806.699951171875,323149
2021-08-09,1726.5,1765.699951171875,1677.9000244140625,1765.0,289543
2021-08-10,1731.699951171875,1739.4000244140625,1718.5,1732.0,182561
2021-08-11,1753.300048828125,1756.699951171875,1724.5999755859375,1730.4000244140625,185442
2021-08-12,1751.800048828125,1759.5999755859375,1742.5999755859375,1752.9000244140625,137119
2021-08-13,1778.199951171875,1781.9000244140625,1753.0,1754.4000244140625,144809
2021-08-16,1789.800048828125,1791.300048828125,1772.0,1780.699951171875,137698
2021-08-17,1787.800048828125,1797.5999755859375,1782.0999755859375,1789.0999755859375,144815
2021-08-18,1784.4000244140625,1795.699951171875,1778.800048828125,1787.800048828125,132725
2021-08-19,1783.0999755859375,1795.0,1774.5999755859375,1789.5,151245
2021-08-20,1784.0,1791.0,1780.0,1782.800048828125,107966
2021-08-23,1806.300048828125,1809.0999755859375,1778.0,1781.199951171875,156318
2021-08-24,1808.5,1812.199951171875,1802.5999755859375,1807.5999755859375,114785
2021-08-25,1791.0,1805.300048828125,1784.0,1805.0999755859375,163463
2021-08-26,1795.199951171875,1800.4000244140625,1781.300048828125,1793.0,134534
2021-08-27,1819.5,1821.9000244140625,1785.199951171875,1795.199951171875,203642
2021-08-30,1812.199951171875,1826.5,1810.0,1821.5999755859375,104875
2021-08-31,1818.0999755859375,1821.9000244140625,1803.4000244140625,1812.199951171875,170387
2021-09-01,1816.0,1822.699951171875,1810.5999755859375,1816.699951171875,140116
2021-09-02,1811.5,1819.5999755859375,1806.5,1816.199951171875,113025
2021-09-03,1833.699951171875,1836.9000244140625,1810.9000244140625,1811.5,184984
2021-09-07,1798.5,1833.5,1793.699951171875,1833.5,252475
2021-09-08,1793.5,1804.4000244140625,1783.0999755859375,1796.0999755859375,161258
2021-09-09,1800.0,1803.4000244140625,1785.0999755859375,1790.9000244140625,154126
2021-09-10,1792.0999755859375,1806.0,1788.199951171875,1796.199951171875,136246
2021-09-13,1794.4000244140625,1800.199951171875,1784.4000244140625,1789.800048828125,114310
2021-09-14,1807.0999755859375,1810.5999755859375,1780.5999755859375,1794.800048828125,197954
2021-09-15,1794.800048828125,1808.5,1791.699951171875,1806.5999755859375,139297
2021-09-16,1756.699951171875,1797.300048828125,1745.5,1795.5,255267
2021-09-17,1751.4000244140625,1767.800048828125,1747.0999755859375,1754.5999755859375,183254
2021-09-20,1763.800048828125,1768.4000244140625,1742.300048828125,1754.199951171875,152451
2021-09-21,1778.199951171875,1782.800048828125,1758.300048828125,1765.5,141622
2021-09-22,1778.800048828125,1788.4000244140625,1764.5999755859375,1775.0,172348
2021-09-23,1749.800048828125,1777.0999755859375,1737.5,1769.199951171875,225456
2021-09-24,1751.699951171875,1758.0,1740.199951171875,1743.699951171875,151552
2021-09-27,1752.0,1760.9000244140625,1744.699951171875,1751.800048828125,137574
2021-09-28,1737.5,1754.300048828125,1727.800048828125,1750.0,215840
2021-09-29,1722.9000244140625,1746.0,1721.0999755859375,1734.0,177389
2021-09-30,1757.0,1765.0,1721.800048828125,1726.0,246365
2021-10-01,1758.4000244140625,1765.199951171875,1749.9000244140625,1757.199951171875,151195
2021-10-04,1767.5999755859375,1771.5,1747.699951171875,1762.5999755859375,166180
2021-10-05,1760.9000244140625,1771.0999755859375,1748.5999755859375,1770.800048828125,151424
2021-10-06,1761.800048828125,1765.9000244140625,1745.4000244140625,1760.5,159218
2021-10-07,1759.199951171875,1767.699951171875,1752.0,1763.800048828125,146406
2021-10-08,1757.4000244140625,1782.4000244140625,1753.5999755859375,1757.0,240371
2021-10-11,1755.699951171875,1761.0999755859375,1749.9000244140625,1757.4000244140625,114771
2021-10-12,1759.300048828125,1770.0,1750.5,1753.5999755859375,168110
2021-10-13,1794.699951171875,1797.4000244140625,1757.9000244140625,1760.4000244140625,299041
2021-10-14,1797.9000244140625,1801.9000244140625,1787.5999755859375,1793.5999755859375,164651
2021-10-15,1768.300048828125,1797.699951171875,1765.0999755859375,1797.300048828125,202631
2021-10-18,1765.699951171875,1772.5,1760.300048828125,1767.5,152741
2021-10-19,1770.5,1786.0,1763.4000244140625,1764.800048828125,166972
2021-10-20,1784.9000244140625,1789.5999755859375,1767.0999755859375,1769.4000244140625,174076
2021-10-21,1781.9000244140625,1790.300048828125,1776.800048828125,1782.5,138729
2021-10-22,1796.300048828125,1815.5,1783.4000244140625,1783.699951171875,312812
2021-10-25,1806.800048828125,1811.5,1793.0,1794.199951171875,153589
2021-10-26,1793.4000244140625,1809.800048828125,1783.0,1808.699951171875,197929
2021-10-27,1798.800048828125,1801.0,1784.300048828125,1795.0,182801
2021-10-28,1802.5999755859375,1812.699951171875,1793.0999755859375,1798.699951171875,220876
2021-10-29,1783.9000244140625,1802.9000244140625,1772.4000244140625,1801.5,254513
2021-11-01,1795.800048828125,1797.5,1780.199951171875,1785.300048828125,143332
2021-11-02,1789.4000244140625,1797.800048828125,1787.4000244140625,1794.800048828125,145786
2021-11-03,1763.9000244140625,1789.300048828125,1758.5,1789.199951171875,257427
2021-11-04,1793.5,1800.300048828125,1769.300048828125,1769.9000244140625,222609
2021-11-05,1816.800048828125,1820.0999755859375,1785.300048828125,1792.5999755859375,299618
2021-11-08,1828.0,1828.300048828125,1813.800048828125,1820.5999755859375,200412
2021-11-09,1830.800048828125,1834.800048828125,1821.0,1826.9000244140625,224407
2021-11-10,1848.300048828125,1870.5999755859375,1823.0,1834.5,352787
2021-11-11,1863.9000244140625,1868.699951171875,1845.0999755859375,1851.5,205312
2021-11-12,1868.5,1871.4000244140625,1847.5,1864.300048828125,201358
2021-11-15,1866.5999755859375,1873.0,1858.5,1872.5999755859375,221208
2021-11-16,1854.0999755859375,1879.5,1851.0,1864.9000244140625,220431
2021-11-17,1870.199951171875,1870.5999755859375,1851.0999755859375,1851.5999755859375,172417
2021-11-18,1861.4000244140625,1873.300048828125,1856.5999755859375,1869.5,186062
2021-11-19,1851.5999755859375,1868.0999755859375,1844.199951171875,1860.800048828125,234083
2021-11-22,1806.300048828125,1850.4000244140625,1802.4000244140625,1848.300048828125,352857
2021-11-23,1783.800048828125,1812.5,1781.699951171875,1807.0999755859375,311348
2021-11-24,1784.300048828125,1796.199951171875,1777.4000244140625,1789.800048828125,203236
2021-11-26,1785.5,1816.300048828125,1778.5999755859375,1789.5999755859375,186800
2021-11-29,1782.300048828125,1798.9000244140625,1779.0999755859375,1791.699951171875,26926
2021-11-30,1773.5999755859375,1808.0999755859375,1768.699951171875,1783.9000244140625,242861
2021-12-01,1784.300048828125,1795.699951171875,1773.699951171875,1777.4000244140625,180336
2021-12-02,1762.699951171875,1785.199951171875,1762.199951171875,1783.800048828125,172719
2021-12-03,1783.9000244140625,1788.0,1766.0,1769.4000244140625,175176
2021-12-06,1779.5,1789.0,1776.4000244140625,1787.699951171875,104477
2021-12-07,1784.699951171875,1789.300048828125,1772.4000244140625,1779.5,129894
2021-12-08,1785.5,1794.300048828125,1780.0999755859375,1785.0999755859375,109692
2021-12-09,1776.699951171875,1788.4000244140625,1773.300048828125,1784.300048828125,123974
2021-12-10,1784.800048828125,1791.0,1770.4000244140625,1776.300048828125,141995
2021-12-13,1788.300048828125,1792.800048828125,1782.199951171875,1784.199951171875,106057
2021-12-14,1772.300048828125,1789.800048828125,1766.0999755859375,1787.5999755859375,153249
2021-12-15,1764.5,1781.300048828125,1753.0,1771.9000244140625,161101
2021-12-16,1798.199951171875,1800.699951171875,1775.699951171875,1777.9000244140625,167777
2021-12-17,1804.9000244140625,1815.699951171875,1796.5,1801.5,156607
2021-12-20,1794.5999755859375,1804.5999755859375,1789.0,1800.199951171875,105386
2021-12-21,1788.699951171875,1801.699951171875,1785.0,1791.4000244140625,134154
2021-12-22,1802.199951171875,1806.300048828125,1785.800048828125,1789.4000244140625,110408
2021-12-23,1811.699951171875,1812.0,1799.0,1805.5999755859375,104844
2021-12-27,1808.800048828125,1814.5999755859375,1803.5999755859375,1810.199951171875,84225
2021-12-28,1810.9000244140625,1821.5999755859375,1805.5,1812.0999755859375,100542
2021-12-29,1805.800048828125,1808.0,1789.0999755859375,1806.5999755859375,138685
2021-12-30,1814.0999755859375,1818.0999755859375,1796.199951171875,1805.5999755859375,113430
2021-12-31,1828.5999755859375,1831.4000244140625,1815.4000244140625,1817.0,106604
2022-01-03,1800.0999755859375,1833.0,1798.199951171875,1830.0999755859375,168305
2022-01-04,1814.5999755859375,1817.199951171875,1798.0999755859375,1801.0999755859375,167708
2022-01-05,1825.0999755859375,1830.699951171875,1808.199951171875,1815.199951171875,173344
2022-01-06,1789.199951171875,1811.5999755859375,1785.4000244140625,1810.5999755859375,238644
2022-01-07,1797.4000244140625,1798.4000244140625,1781.300048828125,1791.0,238931
2022-01-10,1798.800048828125,1802.0,1789.300048828125,1796.4000244140625,173043
2022-01-11,1818.5,1823.0999755859375,1799.699951171875,1801.300048828125,184152
2022-01-12,1827.300048828125,1828.199951171875,1814.4000244140625,1821.300048828125,192979
2022-01-13,1821.4000244140625,1828.300048828125,1811.800048828125,1825.699951171875,215522
2022-01-14,1816.5,1829.300048828125,1814.199951171875,1822.0999755859375,174944
2022-01-18,1812.4000244140625,1822.9000244140625,1804.699951171875,1818.699951171875,362944
2022-01-19,1843.199951171875,1843.9000244140625,1809.0,1812.9000244140625,318489
2022-01-20,1842.5999755859375,1848.5,1836.199951171875,1840.0999755859375,233862
2022-01-21,1831.800048828125,1843.699951171875,1828.4000244140625,1840.5999755859375,225249
2022-01-24,1841.699951171875,1844.9000244140625,1829.300048828125,1835.199951171875,244325
2022-01-25,1852.5,1854.199951171875,1834.4000244140625,1843.5999755859375,197804
2022-01-26,1829.699951171875,1850.199951171875,1814.0999755859375,1848.0,270028
2022-01-27,1793.0999755859375,1821.4000244140625,1790.5999755859375,1819.0,196036
2022-01-28,1784.9000244140625,1798.4000244140625,1778.800048828125,1797.5,28521
2022-01-31,1795.0,1798.5,1785.0999755859375,1788.5,139421
2022-02-01,1801.5,1809.699951171875,1796.199951171875,1798.9000244140625,128880
2022-02-02,1810.300048828125,1812.0,1794.5999755859375,1800.800048828125,123021
2022-02-03,1804.0999755859375,1809.5,1788.5,1807.4000244140625,173722
2022-02-04,1807.800048828125,1815.800048828125,1792.0999755859375,1805.4000244140625,177709
2022-02-07,1821.800048828125,1824.5999755859375,1807.5,1808.0,139808
2022-02-08,1827.9000244140625,1829.9000244140625,1816.0,1821.5,142408
2022-02-09,1836.5999755859375,1837.0999755859375,1825.5,1827.0,136722
2022-02-10,1837.4000244140625,1843.300048828125,1821.800048828125,1834.0,227458
2022-02-11,1842.0999755859375,1867.4000244140625,1821.0999755859375,1827.0,239093
2022-02-14,1869.4000244140625,1876.5,1851.9000244140625,1862.199951171875,231016
2022-02-15,1856.199951171875,1881.5999755859375,1845.4000244140625,1873.800048828125,214880
2022-02-16,1871.5,1874.5999755859375,1851.800048828125,1855.5,141486
2022-02-17,1902.0,1904.0,1869.699951171875,1872.0,268547
2022-02-18,1899.800048828125,1905.0,1888.0,1901.4000244140625,161745
2022-02-22,1907.4000244140625,1918.300048828125,1889.699951171875,1903.5,334589
2022-02-23,1910.4000244140625,1912.9000244140625,1891.0999755859375,1901.199951171875,154843
2022-02-24,1926.300048828125,1976.5,1878.5999755859375,1911.9000244140625,423048
2022-02-25,1887.5999755859375,1925.0,1884.4000244140625,1906.5,229780
2022-02-28,1900.699951171875,1935.199951171875,1892.199951171875,1921.0,249273
2022-03-01,1943.800048828125,1952.5999755859375,1903.0,1908.4000244140625,223998
2022-03-02,1922.300048828125,1951.4000244140625,1916.0,1945.300048828125,227975
2022-03-03,1935.9000244140625,1944.5999755859375,1923.0999755859375,1931.699951171875,180207
2022-03-04,1966.5999755859375,1974.9000244140625,1931.5,1938.5,241533
2022-03-07,1995.9000244140625,2007.5,1964.199951171875,1978.5,372185
2022-03-08,2043.300048828125,2078.800048828125,1985.800048828125,2001.0,447651
2022-03-09,1988.199951171875,2068.5,1981.0,2060.199951171875,360345
2022-03-10,2000.4000244140625,2015.0999755859375,1975.0,1992.800048828125,303267
2022-03-11,1985.0,2004.0,1960.5999755859375,2000.300048828125,262088
2022-03-14,1960.800048828125,1994.800048828125,1952.0,1988.699951171875,162203
2022-03-15,1929.699951171875,1956.9000244140625,1908.0999755859375,1953.699951171875,220374
2022-03-16,1909.199951171875,1930.0999755859375,1895.199951171875,1920.0999755859375,195460
2022-03-17,1943.199951171875,1951.0,1924.0,1928.4000244140625,149829
2022-03-18,1929.300048828125,1946.199951171875,1918.0,1943.9000244140625,150882
2022-03-21,1929.5,1941.800048828125,1917.199951171875,1922.4000244140625,146411
2022-03-22,1921.5,1939.5,1909.800048828125,1936.0999755859375,153282
2022-03-23,1937.300048828125,1948.800048828125,1915.5999755859375,1920.9000244140625,153306
2022-03-24,1962.199951171875,1967.199951171875,1937.4000244140625,1944.0999755859375,181204
2022-03-25,1954.199951171875,1965.0999755859375,1942.5999755859375,1957.800048828125,147904
2022-03-28,1939.800048828125,1959.800048828125,1915.699951171875,1958.699951171875,181367
2022-03-29,1912.199951171875,1929.4000244140625,1888.300048828125,1922.4000244140625,128051
2022-03-30,1933.5,1937.0,1914.5,1918.4000244140625,17765
2022-03-31,1949.199951171875,1949.9000244140625,1919.0999755859375,1933.5,155299
2022-04-01,1923.699951171875,1944.5,1921.4000244140625,1942.4000244140625,135154
2022-04-04,1934.0,1941.5999755859375,1918.199951171875,1927.0999755859375,108435
2022-04-05,1927.5,1948.9000244140625,1920.9000244140625,1937.300048828125,147256
2022-04-06,1923.0999755859375,1937.5999755859375,1916.199951171875,1927.5999755859375,153971
2022-04-07,1937.800048828125,1941.699951171875,1923.300048828125,1928.0999755859375,122809
2022-04-08,1945.5999755859375,1952.199951171875,1930.4000244140625,1934.300048828125,142498
2022-04-11,1948.199951171875,1974.5999755859375,1942.9000244140625,1949.5999755859375,184385
2022-04-12,1976.0999755859375,1982.699951171875,1953.0,1957.4000244140625,172386
2022-04-13,1984.699951171875,1985.800048828125,1966.300048828125,1970.5,132029
2022-04-14,1974.9000244140625,1984.0,1962.699951171875,1981.5999755859375,139424
2022-04-18,1986.4000244140625,2003.0,1974.4000244140625,1978.5,138130
2022-04-19,1959.0,1985.0999755859375,1945.5,1981.199951171875,181440
2022-04-20,1955.5999755859375,1960.9000244140625,1941.0,1952.699951171875,139507
2022-04-21,1948.199951171875,1960.0999755859375,1938.0,1960.0,154919
2022-04-22,1934.300048828125,1957.800048828125,1928.0,1953.0999755859375,176681
2022-04-25,1896.0,1935.5,1891.800048828125,1931.9000244140625,231494
2022-04-26,1904.0999755859375,1912.199951171875,1896.300048828125,1899.800048828125,166199
2022-04-27,1888.699951171875,1908.0999755859375,1881.5999755859375,1907.4000244140625,178197
2022-04-28,1891.300048828125,1897.800048828125,1870.9000244140625,1886.800048828125,170910
2022-04-29,1911.699951171875,1921.300048828125,1893.5,1895.800048828125,177136
2022-05-02,1863.5999755859375,1900.4000244140625,1853.4000244140625,1896.199951171875,193825
2022-05-03,1870.5999755859375,1878.4000244140625,1849.699951171875,1863.5999755859375,167434
2022-05-04,1868.800048828125,1892.0,1861.0999755859375,1868.300048828125,161479
2022-05-05,1875.699951171875,1910.699951171875,1872.300048828125,1884.0999755859375,218392
2022-05-06,1882.800048828125,1894.0,1865.0,1877.5,194279
2022-05-09,1858.5999755859375,1885.5999755859375,1851.0,1883.699951171875,218821
2022-05-10,1841.0,1864.699951171875,1834.5,1853.9000244140625,260811
2022-05-11,1853.699951171875,1857.800048828125,1830.5999755859375,1836.5999755859375,243561
2022-05-12,1824.5999755859375,1858.800048828125,1820.0999755859375,1852.300048828125,255608
2022-05-13,1808.199951171875,1827.5999755859375,1797.199951171875,1821.4000244140625,179483
2022-05-16,1814.0,1826.0,1785.0,1809.4000244140625,159493
2022-05-17,1818.9000244140625,1834.800048828125,1811.0,1823.9000244140625,137288
2022-05-18,1815.9000244140625,1822.9000244140625,1805.0,1813.199951171875,150353
2022-05-19,1841.199951171875,1848.199951171875,1808.4000244140625,1815.0999755859375,175242
2022-05-20,1842.0999755859375,1847.800048828125,1830.5999755859375,1839.5999755859375,143045
2022-05-23,1847.800048828125,1864.300048828125,1843.300048828125,1844.4000244140625,163266
2022-05-24,1865.4000244140625,1869.0999755859375,1847.5999755859375,1852.300048828125,174762
2022-05-25,1846.300048828125,1866.699951171875,1838.699951171875,1865.4000244140625,182823
2022-05-26,1847.5999755859375,1852.800048828125,1836.300048828125,1851.800048828125,123355
2022-05-27,1851.300048828125,1860.699951171875,1845.9000244140625,1848.300048828125,30091
2022-05-31,1842.699951171875,1862.0999755859375,1832.800048828125,1850.300048828125,201803
2022-06-01,1848.699951171875,1853.0,1830.199951171875,1840.0,158036
2022-06-02,1871.4000244140625,1874.4000244140625,1846.5,1849.9000244140625,127471
2022-06-03,1850.199951171875,1878.5999755859375,1849.699951171875,1872.5999755859375,115343
2022-06-06,1843.699951171875,1861.199951171875,1843.0,1853.699951171875,103179
2022-06-07,1852.0999755859375,1858.199951171875,1838.5,1843.5,119211
2022-06-08,1856.5,1862.4000244140625,1846.5999755859375,1855.0,114141
2022-06-09,1852.800048828125,1857.800048828125,1841.9000244140625,1855.0999755859375,131293
2022-06-10,1875.5,1879.5999755859375,1826.5,1850.4000244140625,267204
2022-06-13,1831.800048828125,1882.5,1819.0,1879.0,252543
2022-06-14,1813.5,1833.300048828125,1806.0999755859375,1820.9000244140625,165146
2022-06-15,1819.5999755859375,1845.4000244140625,1808.4000244140625,1809.699951171875,203421
2022-06-16,1849.9000244140625,1860.199951171875,1816.300048828125,1835.800048828125,180893
2022-06-17,1840.5999755859375,1861.5,1836.0999755859375,1859.300048828125,141718
2022-06-21,1838.800048828125,1848.4000244140625,1830.699951171875,1840.5999755859375,176299
2022-06-22,1838.4000244140625,1850.300048828125,1824.5,1834.9000244140625,149553
2022-06-23,1829.800048828125,1848.9000244140625,1823.5,1839.699951171875,167071
2022-06-24,1830.300048828125,1833.699951171875,1817.699951171875,1824.199951171875,139723
2022-06-27,1824.800048828125,1842.800048828125,1821.800048828125,1839.5999755859375,143820
2022-06-28,1821.199951171875,1830.9000244140625,1819.0999755859375,1823.5999755859375,111397
2022-06-29,1817.5,1834.9000244140625,1810.699951171875,1821.4000244140625,155542
2022-06-30,1807.300048828125,1826.800048828125,1802.5,1819.199951171875,208898
2022-07-01,1801.5,1813.5999755859375,1783.4000244140625,1808.0999755859375,249489
2022-07-05,1763.9000244140625,1815.199951171875,1763.0,1814.4000244140625,310369
2022-07-06,1736.5,1771.5,1730.699951171875,1764.199951171875,258824
2022-07-07,1739.699951171875,1748.199951171875,1734.699951171875,1737.199951171875,151256
2022-07-08,1742.300048828125,1751.699951171875,1726.0,1738.699951171875,189178
2022-07-11,1731.699951171875,1743.0,1729.0,1741.5,171902
2022-07-12,1724.800048828125,1742.199951171875,1721.5999755859375,1731.300048828125,255170
2022-07-13,1735.5,1744.300048828125,1704.5,1723.5999755859375,300550
2022-07-14,1705.800048828125,1734.800048828125,1695.0,1733.5999755859375,266354
2022-07-15,1703.5999755859375,1714.199951171875,1696.5999755859375,1708.199951171875,176797
2022-07-18,1710.199951171875,1722.0,1704.4000244140625,1706.4000244140625,157535
2022-07-19,1710.699951171875,1716.5,1702.5999755859375,1707.199951171875,131771
2022-07-20,1700.199951171875,1712.699951171875,1690.0999755859375,1709.5,174466
2022-07-21,1713.4000244140625,1719.5,1678.4000244140625,1693.699951171875,248875
2022-07-22,1727.4000244140625,1738.300048828125,1711.699951171875,1717.199951171875,200622
2022-07-25,1719.0999755859375,1734.5999755859375,1712.9000244140625,1726.300048828125,160719
2022-07-26,1717.699951171875,1726.4000244140625,1711.5,1717.9000244140625,147367
2022-07-27,1719.0999755859375,1739.5999755859375,1709.0999755859375,1715.199951171875,144865
2022-07-28,1750.300048828125,1755.0,1732.0,1732.300048828125,37236
2022-07-29,1762.9000244140625,1765.699951171875,1750.0,1754.0,140666
2022-08-01,1787.699951171875,1792.5,1774.300048828125,1782.5,133742
2022-08-02,1789.699951171875,1805.0,1776.0,1789.199951171875,174165
2022-08-03,1776.4000244140625,1789.4000244140625,1770.0,1777.300048828125,151734
2022-08-04,1806.9000244140625,1812.0,1779.4000244140625,1782.0999755859375,153292
2022-08-05,1791.199951171875,1811.5999755859375,1780.199951171875,1807.699951171875,168901
2022-08-08,1805.199951171875,1806.4000244140625,1786.9000244140625,1790.300048828125,103683
2022-08-09,1812.300048828125,1817.0,1799.4000244140625,1805.5,120510
2022-08-10,1813.699951171875,1824.5999755859375,1803.300048828125,1811.5,154592
2022-08-11,1807.199951171875,1814.9000244140625,1798.5999755859375,1807.9000244140625,121259
2022-08-12,1815.5,1819.0999755859375,1799.5999755859375,1805.199951171875,118649
2022-08-15,1798.0999755859375,1818.9000244140625,1787.5999755859375,1818.9000244140625,137765
2022-08-16,1789.699951171875,1798.0,1785.4000244140625,1795.5,94403
2022-08-17,1776.699951171875,1796.5999755859375,1773.9000244140625,1790.800048828125,137832
2022-08-18,1771.199951171875,1786.300048828125,1768.800048828125,1777.0999755859375,124319
2022-08-19,1762.9000244140625,1773.300048828125,1759.0999755859375,1773.0999755859375,138699
2022-08-22,1748.4000244140625,1762.0999755859375,1740.199951171875,1760.5999755859375,142857
2022-08-23,1761.199951171875,1767.5,1743.0999755859375,1750.0,145260
2022-08-24,1761.5,1769.5,1754.800048828125,1761.300048828125,112645
2022-08-25,1771.4000244140625,1778.800048828125,1763.0,1764.4000244140625,117570
2022-08-26,1749.800048828125,1772.300048828125,1746.199951171875,1771.800048828125,176904
2022-08-29,1749.699951171875,1757.9000244140625,1731.4000244140625,1748.4000244140625,156220
2022-08-30,1736.300048828125,1752.800048828125,1732.9000244140625,1749.800048828125,130664
2022-08-31,1726.199951171875,1738.0,1720.5999755859375,1735.5,176731
2022-09-01,1709.300048828125,1723.0,1699.0999755859375,1723.0,198618
2022-09-02,1722.5999755859375,1729.5,1705.9000244140625,1707.800048828125,174684
2022-09-06,1712.9000244140625,1737.4000244140625,1710.5999755859375,1724.199951171875,206268
2022-09-07,1727.800048828125,1731.199951171875,1701.699951171875,1712.9000244140625,173624
2022-09-08,1720.199951171875,1739.4000244140625,1713.699951171875,1729.5,184176
2022-09-09,1728.5999755859375,1740.5,1719.4000244140625,1719.5999755859375,154706
2022-09-12,1740.5999755859375,1746.4000244140625,1722.300048828125,1728.4000244140625,154374
2022-09-13,1717.4000244140625,1742.9000244140625,1706.699951171875,1736.0,232696
2022-09-14,1709.0999755859375,1717.300048828125,1703.300048828125,1711.5999755859375,163288
2022-09-15,1677.300048828125,1707.800048828125,1668.9000244140625,1707.199951171875,268094
2022-09-16,1683.5,1689.9000244140625,1661.9000244140625,1673.699951171875,217226
2022-09-19,1678.199951171875,1688.800048828125,1667.5999755859375,1685.4000244140625,141171
2022-09-20,1671.0999755859375,1688.800048828125,1668.0999755859375,1684.9000244140625,143933
2022-09-21,1675.699951171875,1696.9000244140625,1661.300048828125,1673.199951171875,227938
2022-09-22,1681.0999755859375,1693.5,1663.300048828125,1682.800048828125,241279
2022-09-23,1655.5999755859375,1685.0,1646.5999755859375,1680.0999755859375,243045
2022-09-26,1633.4000244140625,1657.199951171875,1627.699951171875,1651.0,219861
2022-09-27,1636.199951171875,1650.0999755859375,1628.699951171875,1629.199951171875,197058
2022-09-28,1670.0,1671.5999755859375,1622.199951171875,1636.5,279817
2022-09-29,1668.5999755859375,1673.0999755859375,1649.300048828125,1669.0,201961
2022-09-30,1672.0,1684.4000244140625,1667.5,1669.5,179989
2022-10-03,1702.0,1710.4000244140625,1666.5,1670.5,215493
2022-10-04,1730.5,1738.699951171875,1704.0,1708.4000244140625,205084
2022-10-05,1720.800048828125,1736.5999755859375,1708.800048828125,1734.4000244140625,173222
2022-10-06,1720.800048828125,1734.199951171875,1714.800048828125,1725.5,139443
2022-10-07,1709.300048828125,1722.800048828125,1698.4000244140625,1721.0,157445
2022-10-10,1675.199951171875,1707.4000244140625,1672.5,1703.4000244140625,157149
2022-10-11,1686.0,1691.300048828125,1667.5,1675.5999755859375,171814
2022-10-12,1677.5,1685.0999755859375,1668.0,1673.4000244140625,131769
2022-10-13,1677.0,1688.9000244140625,1648.300048828125,1680.199951171875,237007
2022-10-14,1648.9000244140625,1677.800048828125,1645.5999755859375,1672.800048828125,183170
2022-10-17,1664.0,1674.300048828125,1649.0999755859375,1649.9000244140625,148889
2022-10-18,1655.800048828125,1666.0,1650.5999755859375,1655.9000244140625,163168
2022-10-19,1634.199951171875,1659.800048828125,1632.199951171875,1657.199951171875,179246
2022-10-20,1636.800048828125,1650.300048828125,1626.300048828125,1634.5999755859375,163734
2022-10-21,1656.300048828125,1663.0999755859375,1621.0999755859375,1632.4000244140625,271095
2022-10-24,1654.0999755859375,1675.5,1648.0,1662.9000244140625,171022
2022-10-25,1658.0,1666.800048828125,1641.199951171875,1654.5,182795
2022-10-26,1669.199951171875,1679.4000244140625,1653.800048828125,1657.699951171875,186926
2022-10-27,1665.5999755859375,1674.800048828125,1658.5,1668.800048828125,189287
2022-10-28,1644.800048828125,1670.9000244140625,1640.699951171875,1667.199951171875,196363
2022-10-31,1640.699951171875,1648.5,1634.5,1647.199951171875,128413
2022-11-01,1649.699951171875,1660.300048828125,1633.5999755859375,1636.0999755859375,197976
2022-11-02,1650.0,1673.0999755859375,1637.4000244140625,1651.4000244140625,220926
2022-11-03,1630.9000244140625,1643.199951171875,1618.300048828125,1639.0999755859375,254699
2022-11-04,1676.5999755859375,1686.4000244140625,1631.0999755859375,1631.699951171875,293521
2022-11-07,1680.5,1685.5999755859375,1670.0,1678.5999755859375,187589
2022-11-08,1716.0,1720.4000244140625,1667.0999755859375,1678.0,297618
2022-11-09,1713.699951171875,1725.800048828125,1705.0999755859375,1715.199951171875,239645
2022-11-10,1753.699951171875,1760.5999755859375,1705.5,1709.699951171875,305717
2022-11-11,1769.4000244140625,1775.5999755859375,1750.300048828125,1758.300048828125,227044
2022-11-14,1776.9000244140625,1778.4000244140625,1755.800048828125,1769.4000244140625,191347
2022-11-15,1776.800048828125,1791.800048828125,1770.199951171875,1774.0,283019
2022-11-16,1775.800048828125,1788.199951171875,1773.4000244140625,1782.0,200755
2022-11-17,1763.0,1777.5999755859375,1756.5999755859375,1777.0,169097
2022-11-18,1754.4000244140625,1769.9000244140625,1749.199951171875,1763.0999755859375,137327
2022-11-21,1739.5999755859375,1755.0,1733.9000244140625,1752.0,166082
2022-11-22,1739.9000244140625,1751.0,1737.5999755859375,1739.699951171875,153092
2022-11-23,1745.5999755859375,1754.9000244140625,1719.0,1740.800048828125,167770
2022-11-25,1754.0,1761.199951171875,1745.9000244140625,1751.0,134299
2022-11-28,1740.300048828125,1763.5,1738.199951171875,1755.0,132767
2022-11-29,1748.4000244140625,1758.199951171875,1737.9000244140625,1739.5,19416
2022-11-30,1746.0,1769.4000244140625,1745.0999755859375,1748.0999755859375,192239
2022-12-01,1815.199951171875,1818.4000244140625,1782.9000244140625,1783.0999755859375,226148
2022-12-02,1809.5999755859375,1818.699951171875,1791.800048828125,1817.0,183724
2022-12-05,1781.300048828125,1822.9000244140625,1778.0999755859375,1810.5,179818
2022-12-06,1782.4000244140625,1793.199951171875,1779.0999755859375,1780.800048828125,127856
2022-12-07,1798.0,1803.199951171875,1780.5,1783.300048828125,155568
2022-12-08,1801.5,1806.9000244140625,1793.199951171875,1799.5,116274
2022-12-09,1810.699951171875,1819.0,1800.0999755859375,1801.9000244140625,150938
2022-12-12,1792.300048828125,1809.300048828125,1789.0,1808.0,107782
2022-12-13,1825.5,1836.9000244140625,1791.800048828125,1792.300048828125,230911
2022-12-14,1818.699951171875,1825.4000244140625,1806.199951171875,1822.5999755859375,143804
2022-12-15,1787.800048828125,1819.699951171875,1782.0,1818.699951171875,185317
2022-12-16,1800.199951171875,1804.199951171875,1783.9000244140625,1786.9000244140625,128751
2022-12-19,1797.699951171875,1808.5999755859375,1793.199951171875,1801.5999755859375,86090
2022-12-20,1825.4000244140625,1832.4000244140625,1793.699951171875,1796.800048828125,197496
2022-12-21,1825.4000244140625,1833.800048828125,1821.300048828125,1827.9000244140625,110177
2022-12-22,1795.300048828125,1829.300048828125,1792.699951171875,1823.800048828125,175774
2022-12-23,1804.199951171875,1812.199951171875,1798.9000244140625,1801.0,105457
2022-12-27,1823.0999755859375,1841.9000244140625,1808.0,1808.199951171875,159616
2022-12-28,1815.800048828125,1822.800048828125,1804.199951171875,1822.4000244140625,118076
2022-12-29,1826.0,1827.300048828125,1811.199951171875,1812.300048828125,105992
2022-12-30,1826.199951171875,1832.4000244140625,1819.800048828125,1821.800048828125,107496
2023-01-03,1846.0999755859375,1856.5999755859375,1831.300048828125,1831.800048828125,212272
2023-01-04,1859.0,1871.300048828125,1842.0,1845.199951171875,198354
2023-01-05,1840.5999755859375,1864.300048828125,1829.9000244140625,1861.199951171875,188603
2023-01-06,1869.699951171875,1875.199951171875,1835.199951171875,1835.9000244140625,215367
2023-01-09,1877.800048828125,1886.4000244140625,1869.300048828125,1872.800048828125,204550
2023-01-10,1876.5,1885.199951171875,1872.0,1875.699951171875,170514
2023-01-11,1878.9000244140625,1890.9000244140625,1870.9000244140625,1881.300048828125,222250
2023-01-12,1898.800048828125,1906.5,1872.4000244140625,1879.699951171875,265174
2023-01-13,1921.699951171875,1925.300048828125,1895.0999755859375,1898.800048828125,247878
2023-01-17,1909.9000244140625,1931.800048828125,1906.199951171875,1923.800048828125,268368
2023-01-18,1907.0,1929.800048828125,1898.5999755859375,1911.0999755859375,218967
2023-01-19,1923.9000244140625,1936.9000244140625,1902.0,1907.0,214246
2023-01-20,1928.199951171875,1939.0,1922.0,1933.699951171875,165272
2023-01-23,1928.5999755859375,1936.699951171875,1912.5,1928.4000244140625,190094
2023-01-24,1935.4000244140625,1943.800048828125,1918.199951171875,1932.0,201713
2023-01-25,1942.5999755859375,1949.5,1920.5999755859375,1938.699951171875,190302
2023-01-26,1930.0,1949.800048828125,1918.4000244140625,1948.0,223255
2023-01-27,1929.4000244140625,1935.4000244140625,1916.5,1929.300048828125,150902
2023-01-30,1922.9000244140625,1933.5999755859375,1920.300048828125,1928.300048828125,27220
2023-01-31,1929.5,1930.4000244140625,1900.5999755859375,1923.0,194077
2023-02-01,1942.800048828125,1970.800048828125,1936.0999755859375,1944.0,210613
2023-02-02,1930.800048828125,1975.199951171875,1925.5999755859375,1967.0999755859375,259844
2023-02-03,1876.5999755859375,1932.4000244140625,1874.5,1926.300048828125,310612
2023-02-06,1879.5,1894.0,1873.199951171875,1878.0,164540
2023-02-07,1884.800048828125,1897.199951171875,1877.5,1880.300048828125,179673
2023-02-08,1890.699951171875,1898.9000244140625,1881.4000244140625,1885.0999755859375,131904
2023-02-09,1878.5,1902.300048828125,1870.199951171875,1888.300048828125,183551
2023-02-10,1874.5,1883.5,1863.5,1873.5,155270
2023-02-13,1863.5,1877.199951171875,1860.800048828125,1876.699951171875,131217
2023-02-14,1865.4000244140625,1881.5999755859375,1852.5,1864.0999755859375,217012
2023-02-15,1845.300048828125,1870.9000244140625,1839.300048828125,1865.0999755859375,169531
2023-02-16,1851.800048828125,1854.9000244140625,1836.5999755859375,1846.5,168509
2023-02-17,1850.199951171875,1853.0999755859375,1827.699951171875,1845.699951171875,165081
2023-02-21,1842.5,1856.4000244140625,1839.0,1850.5,210165
2023-02-22,1841.5,1855.0,1831.9000244140625,1843.699951171875,141500
2023-02-23,1826.800048828125,1841.199951171875,1824.800048828125,1834.699951171875,179972
2023-02-24,1817.0999755859375,1835.0999755859375,1815.5,1829.699951171875,169473
2023-02-27,1824.9000244140625,1827.300048828125,1812.0,1818.0,130427
2023-02-28,1836.699951171875,1838.5999755859375,1810.800048828125,1823.9000244140625,184507
2023-03-01,1845.4000244140625,1852.5,1829.5999755859375,1834.0,182583
2023-03-02,1840.5,1845.300048828125,1835.9000244140625,1843.800048828125,139755
2023-03-03,1854.5999755859375,1864.4000244140625,1842.0,1842.0999755859375,158961
2023-03-06,1854.5999755859375,1864.300048828125,1850.5999755859375,1861.0,136224
2023-03-07,1820.0,1856.9000244140625,1817.0999755859375,1852.5999755859375,248226
2023-03-08,1818.5999755859375,1828.699951171875,1813.4000244140625,1818.0,208292
2023-03-09,1834.5999755859375,1839.4000244140625,1815.4000244140625,1818.0,228473
2023-03-10,1867.199951171875,1874.300048828125,1830.0,1835.0999755859375,345814
2023-03-13,1916.5,1919.5,1875.699951171875,1877.0999755859375,452332
2023-03-14,1910.9000244140625,1919.4000244140625,1899.800048828125,1919.4000244140625,261275
2023-03-15,1931.300048828125,1942.5,1889.5,1908.199951171875,385454
2023-03-16,1923.0,1938.0,1911.5,1922.800048828125,248084
2023-03-17,1973.5,1993.699951171875,1922.300048828125,1925.9000244140625,351092
2023-03-20,1982.800048828125,2014.9000244140625,1970.0,1989.699951171875,338016
2023-03-21,1941.0999755859375,1988.699951171875,1938.5999755859375,1983.0999755859375,248934
2023-03-22,1949.5999755859375,1982.300048828125,1936.5,1943.5,245031
2023-03-23,1995.9000244140625,2006.0999755859375,1967.300048828125,1974.0,262247
2023-03-24,1983.800048828125,2006.5,1977.699951171875,1996.0999755859375,285442
2023-03-27,1953.800048828125,1984.0,1945.0,1982.5999755859375,206630
2023-03-28,1973.5,1977.0999755859375,1949.9000244140625,1957.800048828125,183582
2023-03-29,1966.9000244140625,1976.0,1959.5,1975.4000244140625,88563
2023-03-30,1980.300048828125,1984.4000244140625,1954.9000244140625,1965.9000244140625,10119
2023-03-31,1969.0,1986.800048828125,1968.0,1981.300048828125,162212
2023-04-03,2000.4000244140625,2008.0,1965.9000244140625,1990.0,187986
2023-04-04,2038.199951171875,2043.4000244140625,1994.0,2001.300048828125,233301
2023-04-05,2035.5999755859375,2049.199951171875,2026.0999755859375,2038.199951171875,197371
2023-04-06,2026.4000244140625,2037.699951171875,2016.5,2037.0999755859375,0
2023-04-10,2003.800048828125,2021.5,1996.5,2008.5999755859375,136231
2023-04-11,2019.0,2022.5,2003.699951171875,2007.0,126376
2023-04-12,2024.9000244140625,2043.9000244140625,2015.699951171875,2019.0999755859375,228494
2023-04-13,2055.300048828125,2063.39990234375,2028.300048828125,2029.5,198461
2023-04-14,2015.800048828125,2061.60009765625,2006.0,2054.699951171875,262825
2023-04-17,2007.0,2028.0,1993.4000244140625,2014.0999755859375,183425
2023-04-18,2019.699951171875,2024.5999755859375,2003.300048828125,2007.9000244140625,164975
2023-04-19,2007.300048828125,2020.300048828125,1980.9000244140625,2017.9000244140625,218808
2023-04-20,2019.0999755859375,2024.199951171875,2002.199951171875,2007.699951171875,162840
2023-04-21,1990.5,2016.800048828125,1982.300048828125,2016.0999755859375,210502
2023-04-24,1999.800048828125,2001.5,1984.4000244140625,1992.0,139878
2023-04-25,2004.5,2014.5,1986.199951171875,1999.4000244140625,222551
2023-04-26,1996.0,2020.199951171875,1993.699951171875,2007.699951171875,241399
2023-04-27,1999.0,2013.300048828125,1982.0,1999.800048828125,203898
2023-04-28,1999.0999755859375,2004.0999755859375,1984.4000244140625,1997.199951171875,172445
2023-05-01,1992.199951171875,2015.4000244140625,1985.699951171875,2000.199951171875,173016
2023-05-02,2023.300048828125,2028.800048828125,1986.9000244140625,1990.5,245637
2023-05-03,2037.0,2050.0,2016.0,2026.4000244140625,229674
2023-05-04,2055.699951171875,2085.39990234375,2038.5,2054.699951171875,311003
2023-05-05,2024.800048828125,2061.300048828125,2007.0,2058.0,283299
2023-05-08,2033.199951171875,2037.0999755859375,2022.0,2024.5999755859375,182213
2023-05-09,2042.9000244140625,2045.0999755859375,2026.4000244140625,2028.4000244140625,199701
2023-05-10,2037.0999755859375,2056.0,2028.300048828125,2041.5999755859375,260807
2023-05-11,2020.5,2047.5999755859375,2016.699951171875,2036.800048828125,296976
2023-05-12,2019.800048828125,2027.800048828125,2005.699951171875,2020.5,220500
2023-05-15,2022.699951171875,2027.5,2011.199951171875,2013.4000244140625,163251
2023-05-16,1993.0,2022.699951171875,1989.0999755859375,2021.300048828125,229938
2023-05-17,1984.9000244140625,1997.0,1978.0999755859375,1993.0,206552
2023-05-18,1959.800048828125,1988.800048828125,1954.4000244140625,1985.5999755859375,227733
2023-05-19,1981.5999755859375,1987.4000244140625,1956.300048828125,1960.5,234604
2023-05-22,1977.199951171875,1984.800048828125,1970.699951171875,1979.4000244140625,165768
2023-05-23,1974.5,1980.0,1955.800048828125,1973.9000244140625,214358
2023-05-24,1964.5999755859375,1987.9000244140625,1958.4000244140625,1977.300048828125,229885
2023-05-25,1943.699951171875,1965.4000244140625,1939.0,1959.5,253875
2023-05-26,1944.300048828125,1957.0999755859375,1936.0,1941.699951171875,166036
2023-05-30,1958.0,1962.5999755859375,1931.0,1942.699951171875,37838
2023-05-31,1963.9000244140625,1973.0,1953.0,1958.199951171875,207753
2023-06-01,1995.5,2000.699951171875,1970.0999755859375,1981.300048828125,176911
2023-06-02,1969.5999755859375,2000.5,1963.699951171875,1994.5999755859375,209694
2023-06-05,1974.300048828125,1980.4000244140625,1953.800048828125,1962.300048828125,179985
2023-06-06,1981.5,1982.9000244140625,1970.300048828125,1978.0,135995
2023-06-07,1958.4000244140625,1986.5,1955.4000244140625,1980.0,189529
2023-06-08,1978.5999755859375,1985.699951171875,1955.199951171875,1956.199951171875,191843
2023-06-09,1977.199951171875,1987.800048828125,1971.0,1980.5,130408
2023-06-12,1969.699951171875,1981.4000244140625,1963.0999755859375,1975.5999755859375,122542
2023-06-13,1958.5999755859375,1985.9000244140625,1953.0,1971.4000244140625,198397
2023-06-14,1968.9000244140625,1973.9000244140625,1952.5,1957.199951171875,199710
2023-06-15,1970.699951171875,1972.800048828125,1936.0999755859375,1955.699951171875,266353
2023-06-16,1971.199951171875,1980.4000244140625,1965.4000244140625,1970.300048828125,160514
2023-06-20,1947.699951171875,1971.800048828125,1940.800048828125,1970.699951171875,250140
2023-06-21,1944.9000244140625,1950.4000244140625,1929.300048828125,1948.0,182021
2023-06-22,1923.699951171875,1945.0999755859375,1922.0,1943.300048828125,171779
2023-06-23,1929.5999755859375,1949.0,1919.5,1923.5,186861
2023-06-26,1933.800048828125,1943.4000244140625,1931.0999755859375,1936.300048828125,147769
2023-06-27,1923.800048828125,1940.300048828125,1919.800048828125,1932.699951171875,180436
2023-06-28,1922.199951171875,1926.0999755859375,1911.4000244140625,1923.0999755859375,162493
2023-06-29,1917.9000244140625,1921.300048828125,1900.5999755859375,1916.5,205252
2023-06-30,1929.4000244140625,1930.800048828125,1908.0999755859375,1916.4000244140625,180688
2023-07-03,1929.5,1939.9000244140625,1917.699951171875,1927.800048828125,152959
2023-07-05,1927.0999755859375,1942.9000244140625,1922.0999755859375,1929.0999755859375,245932
2023-07-06,1915.4000244140625,1934.0,1908.5,1922.4000244140625,231513
2023-07-07,1932.5,1941.0999755859375,1915.4000244140625,1916.5999755859375,214272
2023-07-10,1931.0,1933.699951171875,1918.0,1930.699951171875,208085
2023-07-11,1937.0999755859375,1944.5,1929.800048828125,1930.800048828125,189372
2023-07-12,1961.699951171875,1965.0999755859375,1937.5,1938.0,270869
2023-07-13,1963.800048828125,1968.5,1956.5999755859375,1962.699951171875,241215
2023-07-14,1964.4000244140625,1967.800048828125,1954.699951171875,1965.199951171875,209306
2023-07-17,1956.4000244140625,1963.5999755859375,1949.0,1958.5999755859375,165833
2023-07-18,1980.800048828125,1988.300048828125,1958.0999755859375,1958.300048828125,264086
2023-07-19,1980.800048828125,1984.5999755859375,1973.300048828125,1982.5,159409
2023-07-20,1970.9000244140625,1989.800048828125,1967.699951171875,1980.0,189926
2023-07-21,1966.5999755859375,1975.9000244140625,1958.800048828125,1972.0999755859375,156540
2023-07-24,1962.199951171875,1969.800048828125,1955.300048828125,1963.5999755859375,197213
2023-07-25,1963.699951171875,1967.0999755859375,1951.5999755859375,1957.0,188848
2023-07-26,1970.0999755859375,1979.9000244140625,1963.199951171875,1966.300048828125,208106
2023-07-27,1945.699951171875,1982.5999755859375,1941.699951171875,1973.300048828125,194253
2023-07-28,1960.4000244140625,1962.199951171875,1944.199951171875,1945.5,23155
2023-07-31,1970.5,1971.5999755859375,1950.0,1959.199951171875,139955
2023-08-01,1978.800048828125,2004.4000244140625,1978.300048828125,2004.199951171875,167756
2023-08-02,1975.0,1992.199951171875,1969.0999755859375,1988.9000244140625,169658
2023-08-03,1968.800048828125,1974.5,1964.5,1970.800048828125,141345
2023-08-04,1976.0999755859375,1984.199951171875,1954.5,1969.5999755859375,156416
2023-08-07,1970.0,1981.699951171875,1966.0999755859375,1977.5999755859375,104407
2023-08-08,1959.9000244140625,1972.800048828125,1956.5,1971.5,142336
2023-08-09,1950.5999755859375,1966.0999755859375,1947.199951171875,1959.300048828125,139259
2023-08-10,1948.9000244140625,1963.5,1944.4000244140625,1947.699951171875,168264
2023-08-11,1946.5999755859375,1953.5999755859375,1942.699951171875,1944.9000244140625,122320
2023-08-14,1944.0,1948.199951171875,1934.199951171875,1945.5999755859375,120983
2023-08-15,1935.199951171875,1944.300048828125,1927.5,1939.4000244140625,167153
2023-08-16,1928.300048828125,1938.199951171875,1922.0,1933.0999755859375,128612
2023-08-17,1915.199951171875,1933.5,1914.199951171875,1922.4000244140625,152329
2023-08-18,1916.5,1926.0,1915.9000244140625,1919.199951171875,114737
2023-08-21,1923.0,1927.9000244140625,1913.5999755859375,1918.4000244140625,138109
2023-08-22,1926.0,1933.199951171875,1917.5,1924.0,131088
2023-08-23,1948.0999755859375,1949.699951171875,1926.199951171875,1926.800048828125,170040
2023-08-24,1947.0999755859375,1951.300048828125,1939.199951171875,1944.9000244140625,137393
2023-08-25,1939.9000244140625,1950.4000244140625,1931.0,1944.9000244140625,166988
2023-08-28,1946.800048828125,1954.199951171875,1940.0999755859375,1944.0,115553
2023-08-29,1965.0999755859375,1966.5,1941.699951171875,1948.0999755859375,174220
2023-08-30,1973.0,1977.0999755859375,1962.800048828125,1966.0,142380
2023-08-31,1965.9000244140625,1974.9000244140625,1965.5,1970.199951171875,133712
2023-09-01,1967.0999755859375,1980.199951171875,1960.699951171875,1966.4000244140625,160725
2023-09-05,1952.5999755859375,1972.5999755859375,1950.5999755859375,1966.699951171875,192789
2023-09-06,1944.199951171875,1954.5,1940.0,1951.5,148775
2023-09-07,1942.5,1947.9000244140625,1940.300048828125,1942.199951171875,117168
2023-09-08,1942.699951171875,1954.0,1940.800048828125,1943.800048828125,138694
2023-09-11,1947.199951171875,1954.5999755859375,1939.5,1943.300048828125,131076
2023-09-12,1935.0999755859375,1947.5,1929.9000244140625,1945.5999755859375,161993
2023-09-13,1932.5,1938.4000244140625,1927.199951171875,1935.199951171875,161003
2023-09-14,1932.800048828125,1934.5,1921.699951171875,1930.699951171875,201744
2023-09-15,1946.199951171875,1952.4000244140625,1931.199951171875,1932.5,199773
2023-09-18,1953.4000244140625,1955.699951171875,1943.800048828125,1945.699951171875,138031
2023-09-19,1953.699951171875,1958.9000244140625,1950.9000244140625,1955.300048828125,131097
2023-09-20,1967.0999755859375,1968.9000244140625,1948.5999755859375,1953.0,220980
2023-09-21,1939.5999755859375,1952.199951171875,1933.0999755859375,1952.0,225908
2023-09-22,1945.5999755859375,1949.0999755859375,1939.5999755859375,1939.5999755859375,139926
2023-09-25,1936.5999755859375,1946.800048828125,1933.800048828125,1944.699951171875,164259
2023-09-26,1919.800048828125,1935.5,1917.199951171875,1935.0999755859375,212263
2023-09-27,1890.9000244140625,1921.699951171875,1890.300048828125,1918.800048828125,238525
2023-09-28,1878.5999755859375,1896.800048828125,1874.5,1893.300048828125,231419
2023-09-29,1866.0999755859375,1896.699951171875,1862.300048828125,1882.300048828125,245131
2023-10-02,1847.199951171875,1864.699951171875,1842.699951171875,1864.4000244140625,202147
2023-10-03,1841.5,1849.300048828125,1830.9000244140625,1844.9000244140625,216784
2023-10-04,1834.800048828125,1846.800048828125,1831.5999755859375,1838.699951171875,195048
2023-10-05,1831.800048828125,1843.5,1826.199951171875,1837.5999755859375,172464
2023-10-06,1845.199951171875,1849.0,1823.5,1834.300048828125,231024
2023-10-09,1864.300048828125,1877.300048828125,1857.5,1861.0,187802
2023-10-10,1875.300048828125,1879.0999755859375,1866.0999755859375,1875.4000244140625,157340
2023-10-11,1887.300048828125,1890.9000244140625,1871.699951171875,1873.699951171875,169964
2023-10-12,1883.0,1898.300048828125,1880.5999755859375,1888.0999755859375,163475
2023-10-13,1941.5,1946.199951171875,1881.5,1881.699951171875,312994
2023-10-16,1934.300048828125,1943.0,1921.199951171875,1941.300048828125,182823
2023-10-17,1935.699951171875,1944.5,1924.5999755859375,1933.300048828125,165063
2023-10-18,1968.300048828125,1975.800048828125,1935.9000244140625,1936.699951171875,270045
2023-10-19,1980.5,1990.199951171875,1957.0,1960.0999755859375,264821
2023-10-20,1994.4000244140625,2009.199951171875,1983.699951171875,1988.0,289109
2023-10-23,1987.800048828125,1994.300048828125,1971.0,1987.699951171875,212290
2023-10-24,1986.0999755859375,1992.0,1964.5999755859375,1984.0999755859375,200943
2023-10-25,1994.9000244140625,1998.5999755859375,1973.5999755859375,1982.699951171875,240655
2023-10-26,1997.4000244140625,2003.699951171875,1981.5999755859375,1991.199951171875,214053
2023-10-27,1998.5,2019.699951171875,1986.4000244140625,1995.0,213757
2023-10-30,2005.5999755859375,2016.800048828125,1999.699951171875,2013.5,181339
2023-10-31,1994.300048828125,2017.699951171875,1987.4000244140625,2005.5999755859375,214776
2023-11-01,1987.5,2005.9000244140625,1978.199951171875,1993.300048828125,197629
2023-11-02,1993.5,1999.199951171875,1986.300048828125,1992.0,158650
2023-11-03,1999.199951171875,2011.9000244140625,1989.300048828125,1993.5,222189
2023-11-06,1988.5999755859375,2000.0999755859375,1984.199951171875,1999.4000244140625,146279
2023-11-07,1973.5,1985.199951171875,1962.800048828125,1984.800048828125,218948
2023-11-08,1957.800048828125,1977.5,1953.199951171875,1975.300048828125,189359
2023-11-09,1969.800048828125,1971.5,1948.300048828125,1955.5,214077
2023-11-10,1937.699951171875,1965.5999755859375,1936.9000244140625,1964.0999755859375,229637
2023-11-13,1950.199951171875,1953.5,1935.5999755859375,1943.4000244140625,183702
2023-11-14,1966.5,1975.300048828125,1938.800048828125,1950.300048828125,180741
2023-11-15,1964.300048828125,1979.199951171875,1958.800048828125,1966.9000244140625,142924
2023-11-16,1987.300048828125,1991.0999755859375,1959.0,1963.0,186810
2023-11-17,1984.699951171875,1996.4000244140625,1981.0999755859375,1984.199951171875,133120
2023-11-20,1980.300048828125,1987.800048828125,1967.199951171875,1980.9000244140625,177887
2023-11-21,2001.5999755859375,2009.800048828125,1979.9000244140625,1980.0,230024
2023-11-22,1992.800048828125,2008.300048828125,1988.5999755859375,2000.300048828125,199370
2023-11-23,1993.300048828125,1999.5,1990.9000244140625,1991.199951171875,199370
2023-11-24,2003.0,2004.5,1990.9000244140625,1991.199951171875,214880
2023-11-27,2012.4000244140625,2018.9000244140625,2001.4000244140625,2002.5,251250
2023-11-28,2040.0,2044.0999755859375,2011.5,2014.300048828125,174665
2023-11-29,2047.0999755859375,2052.10009765625,2036.0,2041.699951171875,15290
2023-11-30,2038.0999755859375,2047.0999755859375,2033.0999755859375,2046.0999755859375,151918
2023-12-01,2089.699951171875,2095.699951171875,2052.60009765625,2056.5,241615
2023-12-04,2042.199951171875,2152.300048828125,2038.4000244140625,2094.39990234375,378224
2023-12-05,2036.300048828125,2059.60009765625,2027.5999755859375,2049.0,209549
2023-12-06,2047.9000244140625,2053.39990234375,2035.300048828125,2037.800048828125,154219
2023-12-07,2046.4000244140625,2057.199951171875,2036.5999755859375,2043.4000244140625,173977
2023-12-08,2014.5,2050.39990234375,2010.5999755859375,2045.699951171875,237289
2023-12-11,1993.699951171875,2023.699951171875,1991.199951171875,2020.0,160072
2023-12-12,1993.199951171875,2012.5,1992.300048828125,1997.800048828125,148532
2023-12-13,1997.300048828125,2043.300048828125,1987.9000244140625,1995.0999755859375,192679
2023-12-14,2044.9000244140625,2062.89990234375,2039.0999755859375,2043.199951171875,231095
2023-12-15,2035.699951171875,2059.60009765625,2029.199951171875,2051.300048828125,172147
2023-12-18,2040.5,2048.0,2029.5,2033.300048828125,141406
2023-12-19,2052.10009765625,2061.0,2034.800048828125,2041.0999755859375,134781
2023-12-20,2047.699951171875,2056.89990234375,2040.5999755859375,2053.800048828125,122567
2023-12-21,2051.300048828125,2058.0,2043.300048828125,2044.4000244140625,119952
2023-12-22,2069.10009765625,2083.0,2058.199951171875,2061.199951171875,170150
2023-12-26,2069.800048828125,2080.5,2065.10009765625,2066.0,79573
2023-12-27,2093.10009765625,2095.800048828125,2072.800048828125,2079.300048828125,128179
2023-12-28,2083.5,2098.199951171875,2074.60009765625,2089.5,129544
2023-12-29,2071.800048828125,2084.10009765625,2067.60009765625,2076.10009765625,105724
2024-01-02,2073.39990234375,2088.10009765625,2064.300048828125,2072.699951171875,157555
2024-01-03,2042.800048828125,2074.300048828125,2038.300048828125,2067.89990234375,221680
2024-01-04,2050.0,2058.10009765625,2043.300048828125,2049.300048828125,130263
2024-01-05,2049.800048828125,2071.10009765625,2030.800048828125,2051.39990234375,214684
2024-01-08,2033.5,2053.300048828125,2022.699951171875,2052.60009765625,220988
2024-01-09,2033.0,2048.60009765625,2031.9000244140625,2034.5,218745
2024-01-10,2027.800048828125,2046.199951171875,2025.9000244140625,2036.0,205007
2024-01-11,2019.199951171875,2056.10009765625,2017.300048828125,2029.4000244140625,301337
2024-01-12,2051.60009765625,2067.300048828125,2033.0999755859375,2033.199951171875,272352
2024-01-16,2030.199951171875,2062.800048828125,2027.5999755859375,2053.39990234375,285254
2024-01-17,2006.5,2036.0999755859375,2004.5999755859375,2031.699951171875,254292
2024-01-18,2021.5999755859375,2025.5999755859375,2007.699951171875,2009.0999755859375,171928
2024-01-19,2029.300048828125,2041.9000244140625,2022.199951171875,2027.4000244140625,172805
2024-01-22,2022.199951171875,2034.0999755859375,2017.4000244140625,2031.800048828125,152756
2024-01-23,2025.800048828125,2039.300048828125,2020.800048828125,2023.199951171875,156699
2024-01-24,2016.0,2037.9000244140625,2011.699951171875,2030.699951171875,234459
2024-01-25,2017.800048828125,2025.5999755859375,2004.0,2014.800048828125,196670
2024-01-26,2017.300048828125,2028.0999755859375,2015.5999755859375,2021.0,119588
2024-01-29,2025.4000244140625,2037.199951171875,2018.800048828125,2024.4000244140625,150708
2024-01-30,2031.5,2048.5,2028.0999755859375,2032.5,26907
2024-01-31,2048.39990234375,2055.0,2030.0,2035.4000244140625,238373
2024-02-01,2071.10009765625,2083.199951171875,2046.4000244140625,2057.89990234375,260921
2024-02-02,2053.699951171875,2074.699951171875,2044.199951171875,2072.0,219800
2024-02-05,2042.9000244140625,2059.10009765625,2030.800048828125,2057.89990234375,170431
2024-02-06,2051.39990234375,2055.300048828125,2038.800048828125,2041.4000244140625,126384
2024-02-07,2051.699951171875,2061.300048828125,2046.4000244140625,2052.60009765625,125631
2024-02-08,2047.9000244140625,2053.800048828125,2034.5999755859375,2051.0,137076
2024-02-09,2038.699951171875,2051.89990234375,2034.300048828125,2049.699951171875,116031
2024-02-12,2033.0,2041.800048828125,2025.4000244140625,2038.199951171875,116025
2024-02-13,2007.199951171875,2047.300048828125,2002.800048828125,2033.699951171875,217571
2024-02-14,2004.300048828125,2008.800048828125,1996.4000244140625,2006.300048828125,193607
2024-02-15,2014.9000244140625,2020.199951171875,2001.800048828125,2004.800048828125,204249
2024-02-16,2024.0999755859375,2027.199951171875,2006.5999755859375,2016.0999755859375,162356
2024-02-20,2039.800048828125,2042.699951171875,2023.9000244140625,2027.699951171875,202432
2024-02-21,2034.300048828125,2043.5,2030.9000244140625,2036.199951171875,120599
2024-02-22,2030.699951171875,2045.5,2029.300048828125,2036.5,147947
2024-02-23,2049.39990234375,2053.199951171875,2025.4000244140625,2034.0999755859375,212029
2024-02-26,2038.9000244140625,2046.800048828125,2034.0999755859375,2044.199951171875,129021
2024-02-27,2044.0999755859375,2049.10009765625,2038.0999755859375,2041.199951171875,148780
2024-02-28,2042.699951171875,2047.4000244140625,2033.4000244140625,2039.699951171875,137077
2024-02-29,2054.699951171875,2059.39990234375,2036.0,2043.800048828125,227074
2024-03-01,2095.699951171875,2097.10009765625,2047.0,2052.800048828125,330592
2024-03-04,2126.300048828125,2128.39990234375,2088.10009765625,2091.60009765625,328253
2024-03-05,2141.89990234375,2150.5,2118.5,2123.300048828125,283148
2024-03-06,2158.199951171875,2160.699951171875,2131.89990234375,2136.39990234375,319763
2024-03-07,2165.199951171875,2172.199951171875,2151.699951171875,2156.699951171875,267795
2024-03-08,2185.5,2203.0,2161.199951171875,2166.60009765625,389682
2024-03-11,2188.60009765625,2195.5,2180.89990234375,2187.60009765625,242418
2024-03-12,2166.10009765625,2190.800048828125,2156.199951171875,2189.10009765625,316254
2024-03-13,2180.800048828125,2185.60009765625,2161.300048828125,2163.60009765625,232273
2024-03-14,2167.5,2181.300048828125,2157.0,2179.5,207225
2024-03-15,2161.5,2176.89990234375,2158.699951171875,2166.199951171875,187847
2024-03-18,2164.300048828125,2167.199951171875,2149.199951171875,2159.89990234375,211858
2024-03-19,2159.699951171875,2166.300048828125,2150.199951171875,2164.0,178162
2024-03-20,2161.0,2192.199951171875,2152.300048828125,2161.39990234375,233572
2024-03-21,2184.699951171875,2225.300048828125,2168.199951171875,2190.199951171875,391750
2024-03-22,2160.0,2188.0,2158.39990234375,2183.39990234375,205808
2024-03-25,2176.39990234375,2182.5,2164.39990234375,2166.60009765625,211610
2024-03-26,2177.199951171875,2200.60009765625,2168.300048828125,2173.0,202373
2024-03-27,2190.60009765625,2196.199951171875,2172.10009765625,2179.39990234375,31200
2024-03-28,2217.39990234375,2234.10009765625,2187.10009765625,2193.60009765625,250248
2024-04-01,2257.10009765625,2286.39990234375,2249.10009765625,2259.199951171875,220767
2024-04-02,2281.800048828125,2301.89990234375,2267.10009765625,2272.699951171875,277228
2024-04-03,2315.0,2321.800048828125,2285.699951171875,2301.699951171875,254574
2024-04-04,2308.5,2325.300048828125,2298.699951171875,2321.0,236227
2024-04-05,2345.39990234375,2350.0,2286.199951171875,2309.5,293212
2024-04-08,2351.0,2372.5,2321.699951171875,2343.60009765625,285570
2024-04-09,2362.39990234375,2384.5,2355.699951171875,2358.10009765625,279608
2024-04-10,2348.39990234375,2378.10009765625,2337.10009765625,2372.39990234375,353847
2024-04-11,2372.699951171875,2395.60009765625,2343.10009765625,2351.699951171875,260415
2024-04-12,2374.10009765625,2448.800048828125,2350.60009765625,2389.39990234375,479894
2024-04-15,2383.0,2404.300048828125,2340.199951171875,2369.39990234375,343730
2024-04-16,2407.800048828125,2414.800048828125,2379.199951171875,2399.10009765625,297592
2024-04-17,2388.39990234375,2412.0,2370.699951171875,2398.0,284352
2024-04-18,2398.0,2408.0,2377.199951171875,2377.89990234375,200546
2024-04-19,2413.800048828125,2433.300048828125,2386.800048828125,2394.0,275405
2024-04-22,2346.39990234375,2404.300048828125,2338.199951171875,2403.699951171875,262673
2024-04-23,2342.10009765625,2347.89990234375,2304.60009765625,2342.300048828125,270225
2024-04-24,2338.39990234375,2350.89990234375,2324.800048828125,2335.699951171875,187699
2024-04-25,2342.5,2357.60009765625,2316.39990234375,2327.39990234375,224471
2024-04-26,2347.199951171875,2364.39990234375,2338.0,2344.199951171875,171011
2024-04-29,2357.699951171875,2358.89990234375,2331.0,2347.60009765625,187309
2024-04-30,2302.89990234375,2347.60009765625,2296.199951171875,2347.0,229064
2024-05-01,2311.0,2339.5,2291.699951171875,2298.199951171875,227384
2024-05-02,2309.60009765625,2336.10009765625,2294.300048828125,2329.89990234375,193658
2024-05-03,2308.60009765625,2330.699951171875,2285.199951171875,2313.5,231400
2024-05-06,2331.199951171875,2341.89990234375,2300.60009765625,2312.800048828125,191895
2024-05-07,2324.199951171875,2338.699951171875,2318.199951171875,2334.800048828125,204623
2024-05-08,2322.300048828125,2329.60009765625,2311.39990234375,2322.0,214693
2024-05-09,2340.300048828125,2354.199951171875,2312.89990234375,2316.5,249092
2024-05-10,2375.0,2385.300048828125,2352.0,2353.5,275241
2024-05-13,2343.0,2370.800048828125,2337.60009765625,2369.10009765625,243075
2024-05-14,2359.89990234375,2365.199951171875,2340.5,2342.300048828125,192076
2024-05-15,2394.89990234375,2396.10009765625,2357.10009765625,2362.89990234375,249843
2024-05-16,2385.5,2402.699951171875,2375.199951171875,2391.5,191026
2024-05-17,2417.39990234375,2427.39990234375,2377.800048828125,2381.39990234375,218553
2024-05-20,2438.5,2454.199951171875,2411.10009765625,2422.199951171875,281430
2024-05-21,2425.89990234375,2438.199951171875,2408.5,2431.5,229421
2024-05-22,2392.89990234375,2430.5,2378.0,2425.39990234375,253852
2024-05-23,2337.199951171875,2385.699951171875,2328.10009765625,2383.0,273658
2024-05-24,2334.5,2349.0,2326.300048828125,2330.39990234375,178343
2024-05-28,2356.5,2365.5,2333.800048828125,2338.0,316223
2024-05-29,2341.199951171875,2363.699951171875,2334.199951171875,2362.5,119317
2024-05-30,2342.89990234375,2349.5,2320.800048828125,2336.89990234375,32587
2024-05-31,2322.89990234375,2354.0,2319.0,2344.10009765625,183406
2024-06-03,2369.300048828125,2375.5,2334.800048828125,2348.0,173149
2024-06-04,2347.39990234375,2373.10009765625,2335.10009765625,2371.300048828125,171547
2024-06-05,2375.5,2377.60009765625,2345.300048828125,2347.10009765625,171862
2024-06-06,2390.89990234375,2397.800048828125,2372.199951171875,2375.300048828125,172202
2024-06-07,2325.0,2406.699951171875,2304.199951171875,2395.699951171875,314551
2024-06-10,2327.0,2331.300048828125,2304.5,2311.0,142888
2024-06-11,2326.60009765625,2337.300048828125,2314.5,2329.5,145501
2024-06-12,2354.800048828125,2358.800048828125,2327.199951171875,2334.0,241670
2024-06-13,2318.0,2342.39990234375,2310.89990234375,2340.89990234375,182657
2024-06-14,2349.10009765625,2352.300048828125,2316.699951171875,2319.60009765625,163367
2024-06-17,2329.0,2348.699951171875,2324.300048828125,2348.5,122702
2024-06-18,2346.89990234375,2348.199951171875,2320.199951171875,2333.699951171875,154251
2024-06-20,2369.0,2379.5,2338.5,2344.199951171875,252687
2024-06-21,2331.199951171875,2382.60009765625,2329.199951171875,2373.800048828125,194824
2024-06-24,2344.39990234375,2347.5,2329.5,2333.5,117625
2024-06-25,2330.800048828125,2349.699951171875,2327.10009765625,2346.800048828125,144271
2024-06-26,2313.199951171875,2335.800048828125,2304.699951171875,2331.800048828125,191628
2024-06-27,2336.60009765625,2342.0,2306.800048828125,2309.39990234375,140228
2024-06-28,2339.60009765625,2350.60009765625,2329.699951171875,2338.60009765625,135383
2024-07-01,2338.89990234375,2348.800048828125,2328.199951171875,2336.199951171875,142601
2024-07-02,2333.39990234375,2346.10009765625,2327.39990234375,2341.60009765625,153709
2024-07-03,2369.39990234375,2374.5,2335.699951171875,2338.60009765625,193642
2024-07-05,2397.699951171875,2401.5,2356.0,2365.800048828125,293254
2024-07-08,2363.5,2399.300048828125,2358.300048828125,2396.199951171875,240781
2024-07-09,2367.89990234375,2378.300048828125,2356.0,2366.5,252489
2024-07-10,2379.699951171875,2393.39990234375,2369.699951171875,2371.0,163900
2024-07-11,2421.89990234375,2430.39990234375,2376.800048828125,2377.39990234375,303520
2024-07-12,2420.699951171875,2423.199951171875,2396.10009765625,2421.0,220933
2024-07-15,2428.89990234375,2445.0,2406.10009765625,2419.300048828125,193535
2024-07-16,2467.800048828125,2474.5,2424.5,2427.10009765625,246085
2024-07-17,2459.89990234375,2488.39990234375,2455.5,2473.199951171875,259540
2024-07-18,2456.39990234375,2478.5,2442.89990234375,2462.5,192770
2024-07-19,2399.10009765625,2448.39990234375,2395.699951171875,2448.0,254408
2024-07-22,2394.699951171875,2414.39990234375,2385.199951171875,2403.699951171875,197562
2024-07-23,2407.300048828125,2413.5,2389.199951171875,2398.0,171191
2024-07-24,2415.699951171875,2433.0,2397.0,2410.699951171875,245884
2024-07-25,2353.5,2400.800048828125,2351.89990234375,2398.10009765625,294897
2024-07-26,2381.0,2389.699951171875,2354.60009765625,2363.800048828125,154523
2024-07-29,2377.800048828125,2402.10009765625,2367.300048828125,2386.89990234375,126409
2024-07-30,2405.0,2409.300048828125,2373.800048828125,2380.89990234375,25944
2024-07-31,2426.5,2447.60009765625,2402.800048828125,2407.10009765625,176268
2024-08-01,2480.800048828125,2506.60009765625,2474.0,2493.39990234375,219834
2024-08-02,2469.800048828125,2522.5,2453.10009765625,2490.800048828125,309937
2024-08-05,2444.39990234375,2500.800048828125,2403.800048828125,2490.300048828125,352229
2024-08-06,2431.60009765625,2459.5,2421.800048828125,2451.699951171875,186107
2024-08-07,2432.39990234375,2447.300048828125,2418.800048828125,2432.60009765625,166078
2024-08-08,2463.300048828125,2467.89990234375,2420.199951171875,2422.800048828125,178509
2024-08-09,2473.39990234375,2476.5,2456.10009765625,2467.300048828125,152173
2024-08-12,2504.0,2513.39990234375,2462.699951171875,2470.10009765625,171204
2024-08-13,2507.800048828125,2517.300048828125,2498.199951171875,2512.60009765625,155078
2024-08-14,2479.699951171875,2519.699951171875,2476.199951171875,2506.300048828125,187384
2024-08-15,2492.39990234375,2508.0,2469.199951171875,2486.199951171875,169322
2024-08-16,2537.800048828125,2548.300048828125,2488.199951171875,2494.39990234375,223934
2024-08-19,2541.300048828125,2549.89990234375,2523.699951171875,2549.699951171875,155994
2024-08-20,2550.60009765625,2570.39990234375,2535.10009765625,2542.39990234375,191196
2024-08-21,2547.5,2558.0,2528.199951171875,2552.199951171875,148894
2024-08-22,2516.699951171875,2551.39990234375,2506.39990234375,2549.89990234375,177369
2024-08-23,2546.300048828125,2554.5,2519.800048828125,2521.10009765625,164613
2024-08-26,2555.199951171875,2563.199951171875,2544.0,2545.10009765625,127485
2024-08-27,2552.89990234375,2561.39990234375,2538.5,2553.800048828125,146222
2024-08-28,2537.800048828125,2564.300048828125,2527.800048828125,2559.800048828125,165123
2024-08-29,2560.300048828125,2562.199951171875,2536.5,2539.199951171875,159965
2024-08-30,2527.60009765625,2560.10009765625,2526.60009765625,2553.60009765625,175644
2024-09-03,2523.0,2539.5,2504.39990234375,2536.0,273539
2024-09-04,2526.0,2531.5,2502.699951171875,2524.60009765625,167957
2024-09-05,2543.10009765625,2554.0,2523.699951171875,2526.39990234375,152709
2024-09-06,2524.60009765625,2559.800048828125,2513.89990234375,2547.10009765625,228117
2024-09-09,2532.699951171875,2536.5,2514.199951171875,2526.5,140583
2024-09-10,2543.10009765625,2547.5,2528.89990234375,2536.0,156108
2024-09-11,2542.39990234375,2558.0,2529.0,2545.699951171875,194085
2024-09-12,2580.60009765625,2588.5,2538.699951171875,2540.60009765625,233679
2024-09-13,2610.699951171875,2614.60009765625,2585.0,2587.5,174674
2024-09-16,2608.89990234375,2617.39990234375,2602.5,2608.0,127576
2024-09-17,2592.39990234375,2613.699951171875,2587.300048828125,2609.800048828125,159525
2024-09-18,2598.60009765625,2627.199951171875,2572.5,2596.0,233128
2024-09-19,2614.60009765625,2620.5,2575.300048828125,2585.10009765625,204475
2024-09-20,2646.199951171875,2651.0,2608.699951171875,2611.199951171875,207209
2024-09-23,2652.5,2659.800048828125,2638.60009765625,2646.199951171875,170494
2024-09-24,2677.0,2689.39990234375,2647.10009765625,2653.300048828125,216553
2024-09-25,2684.699951171875,2694.89990234375,2673.39990234375,2682.800048828125,189943
2024-09-26,2694.89990234375,2708.699951171875,2677.5,2681.199951171875,217643
2024-09-27,2668.10009765625,2696.89990234375,2665.300048828125,2695.10009765625,196732
2024-09-30,2659.39990234375,2687.699951171875,2646.199951171875,2680.5,173252
2024-10-01,2690.300048828125,2694.699951171875,2653.800048828125,2656.10009765625,202756
2024-10-02,2669.699951171875,2684.800048828125,2662.10009765625,2684.60009765625,128680
2024-10-03,2679.199951171875,2683.39990234375,2657.800048828125,2679.89990234375,138551
2024-10-04,2667.800048828125,2690.60009765625,2651.60009765625,2675.699951171875,192656
2024-10-07,2666.0,2679.199951171875,2657.300048828125,2671.699951171875,130705
2024-10-08,2635.39990234375,2672.39990234375,2623.39990234375,2662.800048828125,233849
2024-10-09,2626.0,2642.89990234375,2622.800048828125,2640.699951171875,143000
2024-10-10,2639.300048828125,2648.89990234375,2618.800048828125,2625.800048828125,195581
2024-10-11,2676.300048828125,2679.0,2645.300048828125,2647.39990234375,168597
2024-10-14,2665.60009765625,2684.199951171875,2660.0,2673.10009765625,123361
2024-10-15,2678.89990234375,2685.89990234375,2654.39990234375,2663.5,160564
2024-10-16,2691.300048828125,2702.5,2674.89990234375,2679.5,156877
2024-10-17,2707.5,2712.699951171875,2688.199951171875,2690.39990234375,181816
2024-10-18,2730.0,2737.800048828125,2707.300048828125,2707.800048828125,178959
2024-10-21,2738.89990234375,2755.39990234375,2728.5,2736.300048828125,210450
2024-10-22,2759.800048828125,2763.300048828125,2733.5,2734.699951171875,173695
2024-10-23,2729.39990234375,2772.60009765625,2722.10009765625,2762.60009765625,214515
2024-10-24,2748.89990234375,2756.300048828125,2728.699951171875,2729.199951171875,175872
2024-10-25,2754.60009765625,2760.89990234375,2729.10009765625,2748.60009765625,153487
2024-10-28,2755.89990234375,2758.300048828125,2736.89990234375,2749.199951171875,161907
2024-10-29,2781.10009765625,2787.699951171875,2752.0,2754.300048828125,207424
2024-10-30,2800.800048828125,2801.800048828125,2782.39990234375,2786.89990234375,191549
2024-10-31,2749.300048828125,2801.199951171875,2741.800048828125,2799.10009765625,242571
2024-11-01,2749.199951171875,2772.39990234375,2742.60009765625,2754.0,180660
2024-11-04,2746.199951171875,2757.5,2739.39990234375,2743.5,145248
2024-11-05,2749.699951171875,2759.5,2733.39990234375,2746.0,151434
2024-11-06,2676.300048828125,2758.800048828125,2660.699951171875,2752.60009765625,361313
2024-11-07,2705.800048828125,2718.300048828125,2650.300048828125,2667.699951171875,292924
2024-11-08,2694.800048828125,2717.800048828125,2687.300048828125,2713.60009765625,233110
2024-11-11,2617.699951171875,2693.39990234375,2617.10009765625,2692.10009765625,281919
2024-11-12,2606.300048828125,2633.39990234375,2595.699951171875,2625.699951171875,282766
2024-11-13,2586.5,2625.0,2578.10009765625,2604.699951171875,262752
2024-11-14,2572.89990234375,2585.800048828125,2541.5,2578.10009765625,266162
2024-11-15,2570.10009765625,2580.800048828125,2558.89990234375,2570.39990234375,179892
2024-11-18,2614.60009765625,2619.5,2568.5,2571.5,195294
2024-11-19,2631.0,2643.39990234375,2614.199951171875,2616.300048828125,202241
2024-11-20,2651.699951171875,2659.0,2621.89990234375,2635.800048828125,182012
2024-11-21,2674.89990234375,2676.5,2651.60009765625,2653.5,186297
2024-11-22,2712.199951171875,2718.5,2670.10009765625,2672.0,220554
2024-11-25,2618.5,2723.199951171875,2616.60009765625,2716.89990234375,305339
2024-11-26,2621.300048828125,2642.699951171875,2605.300048828125,2626.199951171875,177858
2024-11-27,2639.89990234375,2657.89990234375,2627.199951171875,2633.5,61653
2024-11-29,2657.0,2664.300048828125,2620.699951171875,2636.39990234375,180756
2024-12-02,2658.5,2678.5,2644.5,2673.800048828125,163543
2024-12-03,2667.89990234375,2678.39990234375,2656.60009765625,2662.0,140965
2024-12-04,2676.199951171875,2682.0,2654.199951171875,2665.800048828125,171792
2024-12-05,2648.39990234375,2680.0,2646.300048828125,2674.199951171875,156116
2024-12-06,2659.60009765625,2667.89990234375,2635.60009765625,2655.0,167166
2024-12-09,2685.800048828125,2700.0,2649.699951171875,2665.0,182150
2024-12-10,2718.39990234375,2721.699951171875,2680.699951171875,2684.39990234375,181509
2024-12-11,2756.699951171875,2759.699951171875,2719.10009765625,2721.199951171875,264985
2024-12-12,2709.39990234375,2761.300048828125,2696.699951171875,2753.60009765625,219468
2024-12-13,2675.800048828125,2716.39990234375,2663.300048828125,2704.89990234375,178685
2024-12-16,2670.0,2683.39990234375,2661.39990234375,2668.0,115996
2024-12-17,2662.0,2675.800048828125,2646.10009765625,2670.199951171875,147053
2024-12-18,2653.300048828125,2667.60009765625,2598.10009765625,2663.300048828125,156334
2024-12-19,2608.10009765625,2640.89990234375,2596.699951171875,2600.60009765625,191587
2024-12-20,2645.10009765625,2653.800048828125,2603.699951171875,2609.699951171875,153567
2024-12-23,2628.199951171875,2646.800048828125,2623.199951171875,2639.10009765625,105131
2024-12-24,2635.5,2635.800048828125,2624.199951171875,2629.39990234375,53366
2024-12-26,2653.89990234375,2655.699951171875,2634.10009765625,2638.0,79265
2024-12-27,2631.89990234375,2654.60009765625,2625.199951171875,2653.699951171875,93897
2024-12-30,2618.10009765625,2640.699951171875,2608.39990234375,2636.10009765625,110915
2024-12-31,2641.0,2642.0,2614.300048828125,2620.0,86292
2025-01-02,2669.0,2674.199951171875,2636.10009765625,2641.0,144517
2025-01-03,2654.699951171875,2681.0,2649.699951171875,2671.10009765625,121173
2025-01-06,2647.39990234375,2663.800048828125,2624.60009765625,2652.800048828125,169923
2025-01-07,2665.39990234375,2678.5,2643.5,2647.10009765625,161617
2025-01-08,2672.39990234375,2687.0,2658.39990234375,2662.89990234375,197370
2025-01-09,2690.800048828125,2696.800048828125,2673.699951171875,2679.89990234375,156645
2025-01-10,2715.0,2735.0,2686.89990234375,2692.89990234375,298408
2025-01-13,2678.60009765625,2723.800048828125,2675.199951171875,2716.800048828125,211094
2025-01-14,2682.300048828125,2693.699951171875,2672.0,2682.0,179414
2025-01-15,2717.800048828125,2722.699951171875,2685.39990234375,2693.300048828125,193720
2025-01-16,2750.89990234375,2757.89990234375,2720.39990234375,2722.300048828125,186543
2025-01-17,2748.699951171875,2759.199951171875,2729.199951171875,2746.800048828125,156868
2025-01-21,2759.199951171875,2762.0,2715.60009765625,2739.60009765625,294121
2025-01-22,2770.89990234375,2774.39990234375,2756.199951171875,2758.699951171875,158141
2025-01-23,2765.0,2767.10009765625,2741.0,2765.89990234375,194742
2025-01-24,2778.89990234375,2794.800048828125,2761.0,2761.800048828125,199562
2025-01-27,2738.39990234375,2778.10009765625,2732.0,2778.10009765625,215514
2025-01-28,2767.5,2774.0,2737.39990234375,2742.39990234375,171359
2025-01-29,2769.800048828125,2778.10009765625,2761.0,2771.60009765625,125692
2025-01-30,2823.0,2829.5,2770.0,2772.5,40141
2025-01-31,2812.5,2838.0,2804.0,2829.0,165676
2025-02-03,2857.10009765625,2872.0,2802.199951171875,2846.5,181344
2025-02-04,2875.800048828125,2877.10009765625,2837.39990234375,2850.39990234375,145862
2025-02-05,2893.0,2906.0,2870.10009765625,2873.699951171875,167383
2025-02-06,2876.699951171875,2894.199951171875,2855.0,2885.0,167701
2025-02-07,2887.60009765625,2910.60009765625,2876.10009765625,2880.199951171875,192551
2025-02-10,2934.39990234375,2938.10009765625,2879.89990234375,2884.800048828125,167232
2025-02-11,2932.60009765625,2968.5,2907.0,2937.0,218478
2025-02-12,2928.699951171875,2936.5,2886.5,2927.0,204625
2025-02-13,2945.39990234375,2958.800048828125,2925.800048828125,2928.800048828125,169496
2025-02-14,2900.699951171875,2964.10009765625,2889.89990234375,2957.300048828125,228078
2025-02-18,2949.0,2956.5,2887.60009765625,2895.10009765625,218757
2025-02-19,2936.10009765625,2964.39990234375,2933.699951171875,2954.10009765625,159341
2025-02-20,2956.10009765625,2973.39990234375,2939.300048828125,2949.5,172197
2025-02-21,2953.199951171875,2964.699951171875,2930.10009765625,2955.699951171875,163686
2025-02-24,2963.199951171875,2974.0,2936.800048828125,2950.39990234375,162775
2025-02-25,2918.800048828125,2970.39990234375,2897.0,2968.5,234850
2025-02-26,2930.60009765625,2942.0,2903.300048828125,2929.0,163371
2025-02-27,2895.89990234375,2935.800048828125,2879.0,2931.39990234375,207650
2025-02-28,2848.5,2896.10009765625,2844.10009765625,2889.0,210560
2025-03-03,2901.10009765625,2906.39990234375,2866.300048828125,2872.0,177018
2025-03-04,2920.60009765625,2939.800048828125,2892.5,2904.199951171875,188515
2025-03-05,2926.0,2941.300048828125,2903.39990234375,2929.0,183016
2025-03-06,2926.60009765625,2935.89990234375,2897.60009765625,2929.5,166364
2025-03-07,2914.10009765625,2938.800048828125,2905.300048828125,2919.199951171875,237577
2025-03-10,2899.39990234375,2926.39990234375,2885.199951171875,2919.60009765625,221609
2025-03-11,2920.89990234375,2929.0,2882.5,2893.199951171875,194119
2025-03-12,2946.800048828125,2948.89990234375,2911.0,2922.300048828125,209823
2025-03-13,2991.300048828125,3001.5,2942.199951171875,2943.300048828125,256564
2025-03-14,3001.10009765625,3017.10009765625,2988.60009765625,3001.39990234375,181492
2025-03-17,3006.10009765625,3010.89990234375,2991.39990234375,2994.800048828125,142155
2025-03-18,3040.800048828125,3047.5,3008.199951171875,3009.39990234375,177098
2025-03-19,3041.199951171875,3061.60009765625,3031.300048828125,3041.39990234375,145404
2025-03-20,3043.800048828125,3065.199951171875,3032.800048828125,3058.0,141231
2025-03-21,3021.39990234375,3055.0,3004.10009765625,3052.60009765625,190470
2025-03-24,3015.60009765625,3038.39990234375,3007.699951171875,3027.60009765625,202822
2025-03-25,3025.89990234375,3042.39990234375,3010.800048828125,3017.5,172592
2025-03-26,3022.5,3036.10009765625,3017.800048828125,3025.800048828125,172002
2025-03-27,3061.0,3071.300048828125,3022.300048828125,3025.60009765625,124359
2025-03-28,3086.5,3094.89990234375,3066.800048828125,3069.699951171875,31206
2025-03-31,3122.800048828125,3132.5,3086.0,3091.0,228393
2025-04-01,3146.0,3177.0,3130.5,3157.300048828125,197314
2025-04-02,3166.199951171875,3201.60009765625,3135.699951171875,3147.5,223124
2025-04-03,3121.699951171875,3196.60009765625,3073.5,3196.60009765625,382860
2025-04-04,3035.39990234375,3160.199951171875,3032.699951171875,3138.0,341150
2025-04-07,2973.60009765625,3084.39990234375,2970.39990234375,3055.10009765625,328515
2025-04-08,2990.199951171875,3037.89990234375,2988.60009765625,2997.5,197577
2025-04-09,3079.39990234375,3118.5,2983.300048828125,2998.300048828125,298325
2025-04-10,3177.5,3195.0,3086.10009765625,3099.10009765625,234973
2025-04-11,3244.60009765625,3263.0,3193.39990234375,3194.199951171875,247317
2025-04-14,3226.300048828125,3261.60009765625,3208.699951171875,3246.0,189619
2025-04-15,3240.39990234375,3250.89990234375,3225.5,3226.10009765625,123474
2025-04-16,3346.39990234375,3358.39990234375,3245.199951171875,3248.39990234375,258376
2025-04-17,3328.39990234375,3371.89990234375,3296.39990234375,3357.5,242065
2025-04-21,3425.300048828125,3442.300048828125,3344.0,3347.0,243457
2025-04-22,3419.39990234375,3509.89990234375,3379.10009765625,3435.10009765625,423078
2025-04-23,3294.10009765625,3396.0,3270.800048828125,3367.699951171875,377411
2025-04-24,3348.60009765625,3377.0,3301.300048828125,3301.800048828125,239603
2025-04-25,3298.39990234375,3384.10009765625,3274.800048828125,3362.0,241249
2025-04-28,3347.699951171875,3363.800048828125,3278.0,3336.5,217995
2025-04-29,3333.60009765625,3359.300048828125,3309.199951171875,3354.89990234375,170152
2025-04-30,3319.10009765625,3337.60009765625,3275.60009765625,3324.5,207722
2025-05-01,3222.199951171875,3300.60009765625,3209.39990234375,3299.0,214691
2025-05-02,3243.300048828125,3277.0,3229.5,3247.60009765625,210994
2025-05-05,3322.300048828125,3346.699951171875,3243.10009765625,3247.10009765625,184904
2025-05-06,3422.800048828125,3444.5,3332.10009765625,3345.699951171875,268098
2025-05-07,3391.89990234375,3448.199951171875,3367.0,3448.10009765625,304244
2025-05-08,3306.0,3422.0,3293.300048828125,3373.10009765625,327126
2025-05-09,3344.0,3352.699951171875,3278.89990234375,3310.199951171875,232464
2025-05-12,3228.0,3295.5,3211.199951171875,3281.0,308534
2025-05-13,3247.800048828125,3270.39990234375,3220.10009765625,3240.699951171875,214423
2025-05-14,3188.300048828125,3261.300048828125,3170.699951171875,3254.10009765625,233929
2025-05-15,3226.60009765625,3244.300048828125,3123.300048828125,3180.800048828125,253064
2025-05-16,3187.199951171875,3255.800048828125,3156.39990234375,3243.5,245486
2025-05-19,3233.5,3252.89990234375,3209.10009765625,3220.0,185135
2025-05-20,3284.60009765625,3298.5,3207.39990234375,3233.0,224088
2025-05-21,3313.5,3327.199951171875,3287.0,3293.0,229503
2025-05-22,3295.0,3346.800048828125,3277.800048828125,3318.0,234658
2025-05-23,3365.800048828125,3366.5,3285.5,3295.10009765625,247200
2025-05-27,3300.39990234375,3356.0,3283.0,3355.60009765625,297309
2025-05-28,3294.89990234375,3324.5,3273.5,3300.89990234375,127758
2025-05-29,3317.10009765625,3328.800048828125,3242.39990234375,3283.699951171875,24370
2025-05-30,3288.89990234375,3318.0,3270.89990234375,3315.10009765625,184770
2025-06-02,3397.199951171875,3408.10009765625,3319.39990234375,3323.0,180995
2025-06-03,3377.10009765625,3417.800048828125,3357.199951171875,3406.5,168220
2025-06-04,3399.199951171875,3409.699951171875,3366.89990234375,3377.800048828125,167220
2025-06-05,3375.10009765625,3427.699951171875,3362.300048828125,3398.0,224859
2025-06-06,3346.60009765625,3398.300048828125,3328.800048828125,3377.39990234375,185366
2025-06-09,3354.89990234375,3359.0,3313.10009765625,3333.39990234375,142005
2025-06-10,3343.39990234375,3370.39990234375,3321.300048828125,3346.300048828125,158897
2025-06-11,3343.699951171875,3382.300048828125,3335.39990234375,3344.300048828125,201534
2025-06-12,3402.39990234375,3419.800048828125,3358.5,3377.5,230166
2025-06-13,3452.800048828125,3468.0,3399.60009765625,3406.699951171875,270627
2025-06-16,3417.300048828125,3476.300048828125,3400.89990234375,3473.0,192505
2025-06-17,3406.89990234375,3422.699951171875,3384.39990234375,3404.199951171875,209083
2025-06-18,3408.10009765625,3419.0,3380.10009765625,3409.0,0
2025-06-20,3385.699951171875,3405.199951171875,3356.199951171875,3387.10009765625,280833
2025-06-23,3395.0,3413.800048828125,3361.39990234375,3400.699951171875,193872
2025-06-24,3333.89990234375,3385.0,3308.300048828125,3383.800048828125,227429
2025-06-25,3343.10009765625,3351.300048828125,3325.5,3338.10009765625,130010
2025-06-26,3348.0,3363.89990234375,3322.5,3347.5,155584
2025-06-27,3287.60009765625,3341.39990234375,3266.5,3341.300048828125,218869
2025-06-30,3307.699951171875,3321.60009765625,3250.5,3284.300048828125,144201
2025-07-01,3349.800048828125,3370.5,3313.699951171875,3315.699951171875,168854
2025-07-02,3359.699951171875,3371.0,3337.199951171875,3350.0,132187
2025-07-03,3342.89990234375,3376.89990234375,3321.39990234375,3369.0,0
2025-07-04,3346.5,3355.0,3332.800048828125,3335.0,0
2025-07-07,3342.800048828125,3352.89990234375,3304.39990234375,3344.5,235762
2025-07-08,3316.89990234375,3355.60009765625,3295.39990234375,3348.89990234375,218029
2025-07-09,3321.0,3325.60009765625,3290.199951171875,3310.60009765625,167968
2025-07-10,3325.699951171875,3339.39990234375,3319.199951171875,3322.199951171875,168190
2025-07-11,3364.0,3381.60009765625,3332.300048828125,3333.10009765625,216883
2025-07-14,3359.10009765625,3389.300048828125,3348.5,3376.5,195336
2025-07-15,3336.699951171875,3375.39990234375,3327.300048828125,3352.0,179884
2025-07-16,3359.10009765625,3385.800048828125,3326.10009765625,3330.5,235160
2025-07-17,3345.300048828125,3358.199951171875,3314.300048828125,3354.699951171875,161740
2025-07-18,3358.300048828125,3368.0,3337.199951171875,3347.5,115413
2025-07-21,3406.39990234375,3416.89990234375,3351.0,3355.60009765625,191195
2025-07-22,3443.699951171875,3447.5,3394.89990234375,3410.699951171875,227372
2025-07-23,3397.60009765625,3451.699951171875,3390.60009765625,3444.300048828125,263025
2025-07-24,3373.5,3401.10009765625,3355.199951171875,3398.60009765625,215271
2025-07-25,3335.60009765625,3376.60009765625,3325.5,3372.10009765625,196380
2025-07-28,3310.0,3345.39990234375,3300.0,3321.10009765625,180215
2025-07-29,3324.0,3332.300048828125,3305.800048828125,3313.39990234375,113144
2025-07-30,3295.800048828125,3331.800048828125,3263.89990234375,3325.800048828125,19252
2025-07-31,3293.199951171875,3312.0,3272.89990234375,3272.89990234375,158029
2025-08-01,3399.800048828125,3416.89990234375,3331.39990234375,3342.699951171875,229954
2025-08-04,3426.39990234375,3439.5,3397.89990234375,3416.60009765625,138229
2025-08-05,3434.699951171875,3444.89990234375,3403.300048828125,3428.89990234375,154163
2025-08-06,3433.39990234375,3440.5,3411.699951171875,3434.89990234375,151580
2025-08-07,3453.699951171875,3483.800048828125,3430.0,3431.800048828125,249091
2025-08-08,3491.300048828125,3534.10009765625,3445.0,3487.89990234375,321346
2025-08-11,3404.699951171875,3466.300048828125,3393.0,3458.10009765625,224513
2025-08-12,3399.0,3410.800048828125,3379.10009765625,3393.60009765625,193820
2025-08-13,3408.300048828125,3422.60009765625,3392.699951171875,3399.60009765625,135846
2025-08-14,3383.199951171875,3423.800048828125,3375.5,3407.199951171875,165697
2025-08-15,3382.60009765625,3394.800048828125,3377.699951171875,3383.199951171875,118486
2025-08-18,3378.0,3403.60009765625,3368.0,3382.39990234375,119141
2025-08-19,3358.699951171875,3389.699951171875,3358.10009765625,3378.300048828125,133497
2025-08-20,3388.5,3394.300048828125,3353.39990234375,3359.0,135521
2025-08-21,3381.60009765625,3394.39990234375,3367.39990234375,3392.199951171875,123500
2025-08-22,3418.5,3423.39990234375,3362.800048828125,3383.300048828125,186037
2025-08-25,3417.5,3421.5,3405.5,3417.60009765625,97780
2025-08-26,3433.0,3443.300048828125,3396.10009765625,3410.800048828125,176297
2025-08-27,3448.60009765625,3452.5,3422.199951171875,3443.0,153806
2025-08-28,3474.300048828125,3478.699951171875,3442.5,3452.60009765625,156602
2025-08-29,3516.10009765625,3518.5,3463.0,3477.199951171875,0
2025-09-02,3592.199951171875,3602.39990234375,3506.0,3517.89990234375,374141
2025-09-03,3635.5,3640.10009765625,3592.39990234375,3600.0,220786
2025-09-04,3606.699951171875,3621.60009765625,3573.699951171875,3619.800048828125,232579
2025-09-05,3653.300048828125,3655.5,3595.39990234375,3602.0,237651
2025-09-08,3677.39990234375,3685.699951171875,3621.699951171875,3635.0,227640
2025-09-09,3682.199951171875,3715.199951171875,3663.699951171875,3676.60009765625,262656
2025-09-10,3682.0,3697.5,3651.39990234375,3662.0,182028
2025-09-11,3673.60009765625,3687.5,3651.0,3680.60009765625,214612
2025-09-12,3686.39990234375,3695.5,3667.300048828125,3672.800048828125,154559
2025-09-15,3719.0,3724.89990234375,3662.800048828125,3680.199951171875,189452
2025-09-16,3725.10009765625,3739.89990234375,3711.800048828125,3720.300048828125,192295
2025-09-17,3717.800048828125,3744.0,3679.5,3727.300048828125,256047
2025-09-18,3678.300048828125,3707.300048828125,3660.5,3692.5,224128
2025-09-19,3705.800048828125,3719.60009765625,3664.39990234375,3677.699951171875,186954
2025-09-22,3775.10009765625,3783.300048828125,3718.10009765625,3721.300048828125,219170
2025-09-23,3815.699951171875,3824.60009765625,3772.39990234375,3781.199951171875,291564
2025-09-24,3768.10009765625,3812.60009765625,3749.699951171875,3796.89990234375,236560
2025-09-25,3771.10009765625,3792.300048828125,3751.89990234375,3768.300048828125,262183
2025-09-26,3809.0,3814.39990234375,3764.0,3781.5,214083
2025-09-29,3855.199951171875,3863.699951171875,3785.5,3788.800048828125,258145
2025-09-30,3873.199951171875,3899.199951171875,3820.60009765625,3863.10009765625,312257
2025-10-01,3897.5,3922.699951171875,3880.300048828125,3887.699951171875,290470
2025-10-02,3868.10009765625,3923.300048828125,3842.800048828125,3892.699951171875,284217
2025-10-03,3908.89990234375,3916.800048828125,3861.10009765625,3880.39990234375,218284
2025-10-06,3976.300048828125,3994.5,3909.199951171875,3913.5,278143
2025-10-07,4004.39990234375,4014.60009765625,3963.39990234375,3983.0,297512
2025-10-08,4070.5,4081.0,4005.60009765625,4007.10009765625,348778
2025-10-09,3972.60009765625,4077.89990234375,3957.89990234375,4061.800048828125,461023
2025-10-10,4000.39990234375,4038.60009765625,3961.199951171875,3990.10009765625,357542
2025-10-13,4133.0,4137.2001953125,4011.300048828125,4018.300048828125,357542
2025-10-14,4163.39990234375,4190.89990234375,4105.0,4130.89990234375,405991
2025-10-15,4201.60009765625,4235.7998046875,4157.2998046875,4160.10009765625,309914
2025-10-16,4304.60009765625,4346.7001953125,4214.5,4225.10009765625,375196
2025-10-17,4213.2998046875,4392.0,4196.0,4348.10009765625,569847
2025-10-20,4359.39990234375,4398.0,4229.7001953125,4269.0,338235
2025-10-21,4109.10009765625,4393.60009765625,4093.0,4371.0,535325
2025-10-22,4065.39990234375,4175.0,4021.199951171875,4137.0,468711
2025-10-23,4145.60009765625,4171.5,4079.60009765625,4114.7998046875,271973
2025-10-24,4137.7998046875,4159.0,4055.699951171875,4144.0,297599
2025-10-27,4019.699951171875,4123.7998046875,3985.89990234375,4103.2001953125,330749
2025-10-28,3983.10009765625,4034.199951171875,3901.300048828125,3999.89990234375,338428
2025-10-29,4000.699951171875,4046.199951171875,3930.0,3967.199951171875,288266
2025-10-30,4015.89990234375,4041.5,3925.10009765625,3942.800048828125,246321
2025-10-31,3996.5,4059.89990234375,3982.300048828125,4038.199951171875,237172
2025-11-03,4014.0,4043.10009765625,3971.300048828125,4001.0,0
2025-11-04,3960.5,4018.0,3937.10009765625,4013.699951171875,250259
2025-11-05,3992.89990234375,4000.699951171875,3935.699951171875,3939.5,175161
2025-11-06,3991.0,4028.699951171875,3973.199951171875,3992.39990234375,188688
2025-11-07,4009.800048828125,4035.800048828125,3981.60009765625,3986.89990234375,208649
2025-11-10,4122.0,4124.0,4004.199951171875,4007.199951171875,253812
2025-11-11,4116.2998046875,4155.0,4102.7998046875,4124.0,252249
2025-11-12,4213.60009765625,4218.5,4104.39990234375,4132.2001953125,296796
2025-11-13,4194.5,4250.0,4148.5,4202.39990234375,319216
2025-11-14,4094.199951171875,4215.10009765625,4032.60009765625,4174.89990234375,342176
2025-11-17,4074.5,4107.60009765625,4006.800048828125,4084.39990234375,235352
2025-11-18,4066.5,4083.699951171875,3997.39990234375,4045.60009765625,233302
2025-11-19,4082.800048828125,4134.2998046875,4055.60009765625,4067.800048828125,233696
2025-11-20,4060.0,4109.60009765625,4034.0,4079.89990234375,272355
2025-11-21,4079.5,4101.0,4018.10009765625,4074.89990234375,257813
2025-11-24,4094.199951171875,4138.2001953125,4036.39990234375,4069.199951171875,223055
2025-11-25,4140.0,4156.2998046875,4106.7001953125,4133.5,132704
2025-11-26,4165.2001953125,4171.0,4127.5,4128.60009765625,25088
2025-11-28,4254.89990234375,4263.10009765625,4174.60009765625,4198.60009765625,154806
2025-12-01,4274.7998046875,4299.60009765625,4241.10009765625,4258.5,227572
2025-12-02,4220.7998046875,4269.2001953125,4194.0,4265.2998046875,215921
2025-12-03,4232.5,4273.2998046875,4225.10009765625,4241.60009765625,176443
2025-12-04,4243.0,4251.10009765625,4203.2998046875,4234.5,161251
2025-12-05,4243.0,4290.5,4221.39990234375,4239.5,193599
2025-12-08,4217.7001953125,4247.89990234375,4204.0,4228.10009765625,149813
2025-12-09,4236.2001953125,4251.7001953125,4197.7998046875,4219.60009765625,177366
2025-12-10,4224.7001953125,4268.7998046875,4207.7998046875,4237.5,186178
2025-12-11,4313.0,4317.2998046875,4231.2001953125,4258.2998046875,228282
2025-12-12,4328.2998046875,4387.7998046875,4286.0,4309.10009765625,292175
2025-12-15,4335.2001953125,4384.2998046875,4315.89990234375,4330.0,207700
2025-12-16,4332.2998046875,4367.89990234375,4297.39990234375,4334.2998046875,212277
2025-12-17,4373.89990234375,4383.60009765625,4330.7001953125,4333.5,212413
2025-12-18,4364.5,4409.5,4338.0,4371.5,234460
2025-12-19,4387.2998046875,4389.0,4336.2998046875,4363.60009765625,165214
2025-12-22,4469.39990234375,4484.5,4367.89990234375,4369.89990234375,203043
2025-12-23,4505.7001953125,4530.7998046875,4457.7001953125,4481.7998046875,248418
2025-12-24,4502.7998046875,4555.10009765625,4474.2998046875,4516.7001953125,151576
2025-12-26,4552.7001953125,4584.0,4518.0,4523.5,181246
2025-12-29,4343.60009765625,4581.2998046875,4316.0,4568.0,316961
2025-12-30,4386.2998046875,4420.5,4338.7998046875,4350.2998046875,189751
2025-12-31,4341.10009765625,4384.89990234375,4284.2998046875,4353.0,161782
2026-01-02,4329.60009765625,4414.7998046875,4319.7001953125,4340.0,154807
2026-01-05,4451.5,4467.60009765625,4354.60009765625,4368.2998046875,211711
2026-01-06,4496.10009765625,4508.2998046875,4437.89990234375,4459.7998046875,176584
2026-01-07,4462.5,4512.39990234375,4432.89990234375,4505.39990234375,202783
2026-01-08,4460.7001953125,4489.2998046875,4415.0,4467.10009765625,208958
2026-01-09,4500.89990234375,4527.0,4461.7998046875,4489.2998046875,217946
2026-01-12,4614.7001953125,4640.5,4520.7998046875,4529.10009765625,307991
2026-01-13,4599.10009765625,4644.0,4576.7001953125,4610.0,267451
2026-01-14,4635.7001953125,4650.5,4594.2998046875,4594.2998046875,306299
2026-01-15,4623.7001953125,4637.2001953125,4584.0,4635.7001953125,226481
2026-01-16,4595.39990234375,4625.5,4539.10009765625,4621.60009765625,246155
2026-01-20,4765.7998046875,4771.5,4622.2001953125,4633.7001953125,414495
2026-01-21,4837.5,4891.10009765625,4757.10009765625,4767.5,400518
2026-01-22,4913.39990234375,4944.2998046875,4772.7001953125,4836.2001953125,265088
2026-01-23,4979.7001953125,4991.39990234375,4901.2001953125,4940.0,276594
2026-01-26,5082.5,5107.89990234375,4983.60009765625,5013.39990234375,433111
2026-01-27,5082.60009765625,5190.7998046875,5004.5,5005.5,325759
2026-01-28,5303.60009765625,5415.2001953125,5154.7998046875,5179.0,112054
2026-01-29,5318.39990234375,5586.2001953125,5097.5,5415.7001953125,570055
2026-01-30,4745.10009765625,5480.2001953125,4700.39990234375,5410.0,508003
2026-02-02,4652.60009765625,4905.60009765625,4423.2001953125,4816.0,385977
2026-02-03,4935.0,5018.10009765625,4690.2001953125,4691.0,260114
2026-02-04,4950.7998046875,5113.89990234375,4867.7001953125,4966.10009765625,245957
2026-02-05,4889.5,5045.0,4779.60009765625,4986.60009765625,234592
2026-02-06,4979.7998046875,4995.60009765625,4670.0,4800.0,177809
2026-02-09,5079.39990234375,5111.10009765625,4988.60009765625,5003.60009765625,124150
2026-02-10,5031.0,5102.7001953125,5011.0,5084.2998046875,105658
2026-02-11,5098.5,5144.5,5036.2998046875,5048.0,129968
2026-02-12,4948.39990234375,5122.7998046875,4900.0,5107.2998046875,161618
2026-02-13,5046.2998046875,5069.10009765625,4907.10009765625,4950.0,123016
2026-02-17,4905.89990234375,5074.39990234375,4854.2001953125,5050.0,166706
2026-02-18,5009.5,5031.89990234375,4868.5,4898.5,98203
2026-02-19,4997.39990234375,5042.7998046875,4971.5,4993.7001953125,87026
2026-02-20,5080.89990234375,5131.0,4999.2998046875,5015.0,136737
2026-02-23,5225.60009765625,5257.2998046875,5120.39990234375,5128.7998046875,140957
2026-02-24,5176.2998046875,5269.39990234375,5109.5,5247.5,145961
2026-02-25,5226.2001953125,5237.2998046875,5135.89990234375,5160.0,110992
2026-02-26,5194.2001953125,5221.89990234375,5144.7998046875,5175.2998046875,131633
2026-02-27,5247.89990234375,5299.0,5182.89990234375,5201.89990234375,151664
2026-03-02,5311.60009765625,5434.10009765625,5272.89990234375,5360.0,227839
2026-03-03,5123.7001953125,5394.2001953125,5005.0,5335.7001953125,273216
2026-03-04,5134.7001953125,5218.2998046875,5092.7998046875,5110.0,146885
2026-03-05,5078.7001953125,5204.2998046875,5058.89990234375,5155.7001953125,151852
2026-03-06,5158.7001953125,5185.0,5071.0,5099.7001953125,160268
2026-03-09,5103.7001953125,5210.39990234375,5021.2001953125,5186.7001953125,181749
2026-03-10,5242.10009765625,5248.7001953125,5127.10009765625,5152.39990234375,179577
2026-03-11,5179.10009765625,5230.89990234375,5155.89990234375,5194.0,140336
2026-03-12,5125.7998046875,5197.7998046875,5058.2001953125,5185.39990234375,153533
2026-03-13,5061.7001953125,5132.39990234375,5014.10009765625,5084.0,160333
2026-03-16,5002.2001953125,5044.5,4970.10009765625,5010.0,170909
2026-03-17,5008.2001953125,5049.39990234375,4977.0,5012.2001953125,119419
2026-03-18,4896.2001953125,5022.0,4809.2998046875,5010.60009765625,217316
2026-03-19,4605.7001953125,4868.7001953125,4505.0,4828.0,303828
2026-03-20,4574.89990234375,4738.2001953125,4478.39990234375,4653.89990234375,226870
2026-03-23,4407.2998046875,4537.10009765625,4100.0,4450.0,398666
2026-03-24,4402.0,4485.60009765625,4306.2998046875,4414.7998046875,209745
2026-03-25,4552.2998046875,4601.0,4458.2001953125,4473.5,245178
2026-03-26,4376.2998046875,4541.60009765625,4348.2001953125,4508.89990234375,247440
2026-03-27,4492.5,4552.10009765625,4369.10009765625,4371.7998046875,74348
2026-03-30,4526.0,4579.10009765625,4413.39990234375,4482.7998046875,10816
2026-03-31,4647.60009765625,4684.10009765625,4508.60009765625,4510.0,176389
2026-04-01,4813.10009765625,4821.0,4690.0,4698.39990234375,166758
2026-04-02,4679.7001953125,4825.89990234375,4580.39990234375,4783.0,0
2026-04-06,4684.7001953125,4733.10009765625,4626.2001953125,4675.0,89405
2026-04-07,4684.7001953125,4745.7001953125,4631.89990234375,4678.60009765625,145711
2026-04-08,4777.2001953125,4888.0,4720.60009765625,4747.2001953125,215119
2026-04-09,4818.0,4826.0,4718.60009765625,4744.7998046875,133629
2026-04-10,4787.39990234375,4820.0,4752.7001953125,4790.5,121566
2026-04-13,4767.39990234375,4774.39990234375,4626.0,4710.0,127322
2026-04-14,4850.10009765625,4870.2998046875,4767.60009765625,4769.2998046875,129586
2026-04-15,4823.60009765625,4895.39990234375,4807.89990234375,4862.7001953125,106707
2026-04-16,4808.2998046875,4861.2998046875,4792.10009765625,4813.60009765625,108864
2026-04-17,4879.60009765625,4917.7001953125,4785.89990234375,4811.7998046875,135440
2026-04-20,4828.7998046875,4847.89990234375,4752.0,4811.7998046875,123214
2026-04-21,4719.60009765625,4854.7998046875,4685.7998046875,4842.39990234375,177092
2026-04-22,4753.0,4790.7998046875,4733.10009765625,4738.7001953125,100063
2026-04-23,4724.0,4771.2998046875,4680.10009765625,4759.2001953125,153536
2026-04-24,4740.89990234375,4757.10009765625,4672.2001953125,4715.60009765625,103218
2026-04-27,4693.7001953125,4745.7998046875,4681.2001953125,4713.10009765625,85748
2026-04-28,4608.39990234375,4716.5,4567.60009765625,4697.5,144757
2026-04-29,4561.5,4624.2998046875,4522.2001953125,4611.39990234375,126415
2026-04-30,4629.60009765625,4658.7998046875,4550.7998046875,4557.0,119642
2026-05-01,4644.5,4673.0,4570.0,4636.89990234375,93230
2026-05-04,4533.2998046875,4650.60009765625,4510.10009765625,4644.0,117006
2026-05-05,4568.5,4597.5,4522.7001953125,4534.0,88281
2026-05-06,4694.2998046875,4734.60009765625,4556.10009765625,4569.2998046875,160439
2026-05-07,4710.89990234375,4775.2001953125,4693.2998046875,4702.2001953125,159525
2026-05-08,4730.7001953125,4760.39990234375,4671.0,4682.5,122010
2026-05-11,4728.7001953125,4758.39990234375,4655.10009765625,4690.0,147404
2026-05-12,4686.7001953125,4783.39990234375,4645.2001953125,4745.2998046875,146315
2026-05-13,4706.7001953125,4734.7998046875,4676.0,4722.2998046875,120048
2026-05-14,4685.2998046875,4725.7998046875,4649.2998046875,4696.7998046875,102965
2026-05-15,4561.89990234375,4670.10009765625,4513.7998046875,4654.5,169760
2026-05-18,4558.0,4588.60009765625,4483.5,4547.60009765625,151971
2026-05-19,4511.2001953125,4593.2001953125,4467.10009765625,4570.60009765625,140957
2026-05-20,4535.2998046875,4558.39990234375,4455.0,4486.60009765625,152270
2026-05-21,4542.5,4572.39990234375,4488.2998046875,4548.0,153243
2026-05-22,4523.2001953125,4547.0,4488.0,4544.2001953125,108508
2026-05-26,4502.2998046875,4583.2998046875,4480.0,4532.0,254516
2026-05-27,4448.39990234375,4528.10009765625,4398.5,4507.39990234375,81062
2026-05-28,4499.2998046875,4512.60009765625,4363.5,4453.60009765625,153472
2026-05-29,4593.0,4627.10009765625,4519.5,4527.60009765625,133439
2026-06-01,4506.2998046875,4577.2998046875,4476.0,4575.2001953125,116787
2026-06-02,4519.89990234375,4571.2998046875,4492.2998046875,4515.7998046875,100306
2026-06-03,4466.89990234375,4525.10009765625,4454.0,4520.0,106691
2026-06-04,4505.0,4543.2001953125,4450.10009765625,4462.60009765625,109643
2026-06-05,4365.2998046875,4508.7001953125,4336.60009765625,4503.0,179306
2026-06-08,4363.39990234375,4377.5,4293.0,4354.0,144089
2026-06-09,4286.39990234375,4388.60009765625,4259.89990234375,4354.7001953125,138100
2026-06-10,4133.2998046875,4281.10009765625,4090.10009765625,4276.10009765625,206026
2026-06-11,4114.0,4241.2998046875,4046.199951171875,4094.39990234375,206270
2026-06-12,4238.7998046875,4267.7998046875,4191.10009765625,4234.89990234375,136146
2026-06-15,4351.60009765625,4391.5,4283.39990234375,4289.39990234375,132136
2026-06-16,4354.39990234375,4376.5,4326.7001953125,4331.2998046875,89925
2026-06-17,4381.39990234375,4403.60009765625,4237.39990234375,4352.60009765625,160543
2026-06-18,4245.89990234375,4350.2001953125,4220.2998046875,4275.10009765625,139534
2026-06-22,4202.7001953125,4238.10009765625,4151.39990234375,4163.89990234375,177657
2026-06-23,4149.39990234375,4216.0,4108.2001953125,4210.7998046875,118495
2026-06-24,4008.800048828125,4132.39990234375,3975.699951171875,4130.0,189386
2026-06-25,4047.60009765625,4060.0,3976.300048828125,4019.0,147347
2026-06-26,4096.2998046875,4111.5,3998.10009765625,4044.39990234375,118966
2026-06-29,4038.89990234375,4102.89990234375,4012.0,4101.10009765625,107421
2026-06-30,4038.5,4078.10009765625,3955.39990234375,4032.5,125413
2026-07-01,4082.39990234375,4131.0,3973.0,4025.0,146949
2026-07-02,4125.7001953125,4157.10009765625,4042.800048828125,4049.199951171875,0
2026-07-06,4167.5,4215.5,4140.60009765625,4187.5,147556
2026-07-07,4157.39990234375,4192.39990234375,4102.7001953125,4176.39990234375,110330
2026-07-08,4082.39990234375,4144.7001953125,4032.5,4106.5,170826
2026-07-09,4140.7998046875,4148.39990234375,4063.39990234375,4087.60009765625,125061
2026-07-10,4113.7001953125,4144.60009765625,4081.699951171875,4135.39990234375,98745
2026-07-13,4005.699951171875,4111.60009765625,3992.89990234375,4106.60009765625,154814
2026-07-14,4069.699951171875,4112.5,3990.39990234375,4005.89990234375,151122
2026-07-15,4051.800048828125,4089.10009765625,4023.300048828125,4059.800048828125,113034
2026-07-16,3992.10009765625,4071.89990234375,3973.39990234375,4068.89990234375,125063
2026-07-17,4018.800048828125,4028.89990234375,3963.0,3980.10009765625,112279
2026-07-20,4015.89990234375,4046.0,3986.5,4005.60009765625,102847
2026-07-21,4076.39990234375,4092.5,4003.300048828125,4013.39990234375,119957
2026-07-22,4151.89990234375,4171.39990234375,4081.0,4084.699951171875,132783
2026-07-23,4050.199951171875,4144.0,4042.5,4126.0,159889
2026-07-24,4070.800048828125,4085.199951171875,4024.0,4053.39990234375,120072
2026-07-27,4077.0,4119.2998046875,4067.10009765625,4097.5,135087
2026-07-28,4038.699951171875,4085.699951171875,4011.10009765625,4083.0,167757
2026-07-29,4036.300048828125,4115.2001953125,3993.800048828125,4020.89990234375,89664
2026-07-30,4100.10009765625,4118.5,4028.5,4060.699951171875,149370
2026-07-31,4107.0,4170.7001953125,4076.39990234375,4163.89990234375,110633
2026-08-03,4090.5,4145.5,4074.0,4135.2001953125,93289
2026-08-04,4152.60009765625,4163.7998046875,4098.2001953125,4109.60009765625,118831
2026-08-05,4305.2001953125,4328.2001953125,4121.60009765625,4133.7998046875,211902
2026-08-06,4299.60009765625,4363.7001953125,4281.2001953125,4307.0,167624
2026-08-07,4399.7001953125,4432.2998046875,4288.0,4298.2998046875,190635
2026-08-10,4419.7001953125,4453.7998046875,4373.89990234375,4400.0,118606
2026-08-11,4441.10009765625,4495.0,4415.7001953125,4446.89990234375,138129
2026-08-12,4467.5,4502.7001953125,4421.39990234375,4430.0,153093
2026-08-13,4420.39990234375,4509.10009765625,4400.0,4468.7998046875,139219
2026-08-14,4437.2998046875,4454.60009765625,4365.5,4408.2001953125,126955
2026-08-17,4473.7001953125,4486.5,4422.2998046875,4440.0,121052
2026-08-18,4420.60009765625,4493.10009765625,4383.2998046875,4473.39990234375,131150
2026-08-19,4545.2998046875,4582.7998046875,4378.0,4391.39990234375,250482
2026-08-20,4571.39990234375,4597.10009765625,4506.0,4580.0,186475
2026-08-21,4680.60009765625,4690.39990234375,4565.5,4577.0,195566
2026-08-24,4697.7998046875,4738.5,4651.7998046875,4673.39990234375,206802
2026-08-25,4694.5,4755.0,4659.5,4710.10009765625,176784
2026-08-26,4653.2998046875,4730.89990234375,4638.2001953125,4715.7001953125,151459
2026-08-27,4664.0,4697.7001953125,4616.0,4650.0,140302
2026-08-28,4529.89990234375,4688.0,4495.0,4656.0,274603
2026-08-31,4481.5,4521.5,4445.60009765625,4483.2001953125,152216
2026-09-01,4396.39990234375,4510.5,4369.7001953125,4498.7001953125,198560
2026-09-02,4414.60009765625,4444.39990234375,4329.2001953125,4377.2001953125,187568
2026-09-03,4539.89990234375,4558.5,4426.7001953125,4436.39990234375,209167
2026-09-04,4476.60009765625,4537.7998046875,4412.0,4522.0,189656
2026-09-08,4439.0,4488.7998046875,4381.0,4466.5,217162
2026-09-09,4460.7001953125,4479.0,4384.10009765625,4399.0,164390
2026-09-10,4407.2998046875,4479.89990234375,4354.7001953125,4448.0,201300
2026-09-11,4408.89990234375,4444.89990234375,4333.0,4359.39990234375,187975
2026-09-14,4351.89990234375,4396.7998046875,4293.0,4375.0,164499
2026-09-15,4332.7998046875,4358.2001953125,4301.60009765625,4340.2998046875,146019
2026-09-16,4387.5,4413.10009765625,4273.2998046875,4333.5,249081
2026-09-17,4399.7001953125,4423.2998046875,4294.5,4301.39990234375,169188
2026-09-18,4424.89990234375,4439.7998046875,4372.2001953125,4381.60009765625,142919
2026-09-21,4383.89990234375,4422.10009765625,4360.2998046875,4413.0,138203
2026-09-22,4376.39990234375,4414.10009765625,4327.60009765625,4382.5,178132
2026-09-23,4318.39990234375,4407.5,4310.7001953125,4394.7001953125,143873
2026-09-24,4298.0,4338.0,4278.2998046875,4324.39990234375,164814
2026-09-25,4321.2001953125,4351.60009765625,4289.2001953125,4309.5,140092
2026-09-28,4168.39990234375,4315.60009765625,4143.10009765625,4315.0,229031
2026-09-29,4179.7001953125,4218.10009765625,4145.2001953125,4150.10009765625,149747
2026-09-30,4186.7001953125,4251.10009765625,4178.2001953125,4216.2001953125,156277
2026-10-01,4202.2998046875,4222.7998046875,4169.39990234375,4190.10009765625,130846
2026-10-02,4162.2998046875,4259.0,4153.7998046875,4204.60009765625,130846
2026-10-05,4157.7998046875,4198.89990234375,4150.39990234375,4169.39990234375,98284
